2026-09-03 05:07:27,351 1 WARNING ? odoo.tools.config: missing --http-interface/http_interface, using 0.0.0.0 by default, will change to 127.0.0.1 in 20.0 
2026-09-03 05:07:27,352 1 INFO ? odoo: Odoo version 19.0-20260817 
2026-09-03 05:07:27,352 1 INFO ? odoo: Using configuration file at /etc/odoo/odoo.conf 
2026-09-03 05:07:27,352 1 INFO ? odoo: addons paths: _NamespacePath(['/usr/lib/python3/dist-packages/odoo/addons', '/var/lib/odoo/addons/19.0', '/mnt/extra-addons', '/usr/lib/python3/dist-packages/addons']) 
2026-09-03 05:07:27,352 1 INFO ? odoo: database: odoo@pan_reh_db:5432 
2026-09-03 05:07:27,746 1 INFO ? odoo.service.server: HTTP service (werkzeug) running on 8a16ae7d600f:8069 
2026-09-03 05:07:27,769 1 INFO rehearse odoo.tests.common: Importing test framework 
2026-09-03 05:07:27,809 1 INFO rehearse odoo.modules.loading: loading 1 modules... 
2026-09-03 05:07:27,815 1 INFO rehearse odoo.modules.loading: 1 modules loaded in 0.01s, 0 queries (+0 extra) 
2026-09-03 05:07:27,852 1 INFO rehearse odoo.modules.loading: updating modules list 
2026-09-03 05:07:27,856 1 INFO rehearse odoo.addons.base.models.ir_module: ALLOW access to module.update_list on [] to user __system__ #1 via n/a 
2026-09-03 05:07:29,174 1 INFO rehearse odoo.addons.base.models.ir_module: ALLOW access to module.button_upgrade on ['Mail Pro - Email Integration'] to user __system__ #1 via n/a 
2026-09-03 05:07:29,174 1 INFO rehearse odoo.addons.base.models.ir_module: ALLOW access to module.update_list on ['Mail Pro - Email Integration'] to user __system__ #1 via n/a 
2026-09-03 05:07:30,359 1 INFO rehearse odoo.addons.base.models.ir_module: ALLOW access to module.button_install on [] to user __system__ #1 via n/a 
2026-09-03 05:07:30,396 1 INFO rehearse odoo.modules.loading: loading 71 modules... 
2026-09-03 05:07:31,121 1 INFO rehearse odoo.modules.loading: Loading module pan_mail_pro (60/71) 
2026-09-03 05:07:31,330 1 INFO rehearse odoo.modules.migration: module pan_mail_pro: Running upgrade [>19.0.4.0.0] pre-migrate 
2026-09-03 05:07:31,332 1 INFO rehearse odoo.upgrade.pan_mail_pro.19.0.4.0.0.pre-migrate: [Migration] mail_message lens columns present 
2026-09-03 05:07:31,348 1 INFO rehearse odoo.upgrade.pan_mail_pro.19.0.4.0.0.pre-migrate: [Migration] mail_message partial indexes built (concurrently) 
2026-09-03 05:07:31,349 1 INFO rehearse odoo.modules.migration: module pan_mail_pro: Running upgrade [>19.0.5.0.0] pre-migrate 
2026-09-03 05:07:31,352 1 INFO rehearse odoo.modules.migration: module pan_mail_pro: Running upgrade [>19.0.6.0.0] pre-migrate 
2026-09-03 05:07:31,363 1 INFO rehearse odoo.upgrade.pan_mail_pro.19.0.6.0.0.pre-migrate: [Mail Pro] Renamed model x_microsoft.mailbox to pan.mail.mailbox 
2026-09-03 05:07:31,369 1 INFO rehearse odoo.upgrade.pan_mail_pro.19.0.6.0.0.pre-migrate: [Mail Pro] Renamed model microsoft.incoming.mail.processor to pan.mail.fetcher 
2026-09-03 05:07:31,373 1 INFO rehearse odoo.upgrade.pan_mail_pro.19.0.6.0.0.pre-migrate: [Mail Pro] Renamed table x_microsoft_mailbox to pan_mail_mailbox 
2026-09-03 05:07:31,449 1 INFO rehearse odoo.upgrade.pan_mail_pro.19.0.6.0.0.pre-migrate: [Mail Pro] Renamed fields on 5 model(s) 
2026-09-03 05:07:31,454 1 INFO rehearse odoo.upgrade.pan_mail_pro.19.0.6.0.0.pre-migrate: [Mail Pro] Renamed 11 xml id(s) 
2026-09-03 05:07:31,456 1 INFO rehearse odoo.upgrade.pan_mail_pro.19.0.6.0.0.pre-migrate: [Mail Pro] Renamed 0 configuration parameter(s) 
2026-09-03 05:07:31,641 1 INFO rehearse odoo.registry: module pan_mail_pro: creating or updating database tables 
2026-09-03 05:07:31,684 1 INFO rehearse odoo.models: Prepare computation of res.users.x_pan_mail_connected 
2026-09-03 05:07:31,916 1 WARNING rehearse odoo.addons.base.models.ir_model: Two fields (x_account_id, account_audit_log_account_id) of mail.mail() have the same label: Account. [Modules: None and None] 
2026-09-03 05:07:31,917 1 WARNING rehearse odoo.addons.base.models.ir_model: Two fields (x_account_id, account_audit_log_account_id) of mail.message() have the same label: Account. [Modules: pan_mail_pro and account] 
2026-09-03 05:07:32,419 1 INFO rehearse odoo.modules.loading: loading pan_mail_pro/security/pan_mail_pro_security.xml 
2026-09-03 05:07:32,493 1 INFO rehearse odoo.modules.loading: loading pan_mail_pro/security/ir.model.access.csv 
2026-09-03 05:07:32,510 1 INFO rehearse odoo.modules.loading: loading pan_mail_pro/data/ir_cron_data.xml 
2026-09-03 05:07:32,577 1 INFO rehearse odoo.modules.loading: loading pan_mail_pro/data/mail_server_data.xml 
2026-09-03 05:07:32,581 1 INFO rehearse odoo.modules.loading: loading pan_mail_pro/data/mail_template_data.xml 
2026-09-03 05:07:32,600 1 INFO rehearse odoo.modules.loading: loading pan_mail_pro/views/pan_mail_mailbox_views.xml 
2026-09-03 05:07:32,646 1 INFO rehearse odoo.modules.loading: loading pan_mail_pro/views/pan_mail_routing_log_views.xml 
2026-09-03 05:07:32,685 1 INFO rehearse odoo.modules.loading: loading pan_mail_pro/views/pan_mail_account_views.xml 
2026-09-03 05:07:32,717 1 INFO rehearse odoo.modules.loading: loading pan_mail_pro/views/mail_message_views.xml 
2026-09-03 05:07:32,774 1 INFO rehearse odoo.modules.loading: loading pan_mail_pro/views/pan_mail_coverage_views.xml 
2026-09-03 05:07:32,794 1 INFO rehearse odoo.modules.loading: loading pan_mail_pro/views/pan_mail_item_views.xml 
2026-09-03 05:07:32,868 1 INFO rehearse odoo.modules.loading: loading pan_mail_pro/views/templates/oauth_templates.xml 
2026-09-03 05:07:32,899 1 INFO rehearse odoo.modules.loading: loading pan_mail_pro/views/res_config_settings_views.xml 
2026-09-03 05:07:33,106 1 INFO rehearse odoo.modules.loading: loading pan_mail_pro/views/res_users_views.xml 
2026-09-03 05:07:33,209 1 INFO rehearse odoo.modules.loading: loading pan_mail_pro/views/res_partner_views.xml 
2026-09-03 05:07:33,264 1 INFO rehearse odoo.modules.loading: loading pan_mail_pro/views/mail_compose_message_views.xml 
2026-09-03 05:07:33,298 1 INFO rehearse odoo.modules.migration: module pan_mail_pro: Running upgrade [19.0.2.1.0>] post-migrate 
2026-09-03 05:07:33,300 1 INFO rehearse odoo.upgrade.pan_mail_pro.19.0.2.1.0.post-migrate: [Mail Pro] Migrated 0 user token set(s) to pan.mail.account (0 connected users, 0 connected accounts) 
2026-09-03 05:07:33,301 1 INFO rehearse odoo.modules.migration: module pan_mail_pro: Running upgrade [19.0.3.3.0>] post-migrate 
2026-09-03 05:07:33,307 1 INFO rehearse odoo.upgrade.pan_mail_pro.19.0.3.3.0.post-migrate: [Mail Pro] Pre-filled internal domains: example.com 
2026-09-03 05:07:33,308 1 INFO rehearse odoo.modules.migration: module pan_mail_pro: Running upgrade [19.0.4.0.0>] post-migrate 
2026-09-03 05:07:33,310 1 INFO rehearse odoo.upgrade.pan_mail_pro.19.0.4.0.0.post-migrate: [Migration] No mail_mail rows to backfill the lens from 
2026-09-03 05:07:33,311 1 INFO rehearse odoo.modules.migration: module pan_mail_pro: Running upgrade [19.0.5.0.0>] post-migrate 
2026-09-03 05:07:33,340 1 INFO rehearse odoo.upgrade.pan_mail_pro.19.0.5.0.0.post-migrate: [Mail Pro] Realigned the connection flag for 4 user(s) 
2026-09-03 05:07:33,345 1 INFO rehearse odoo.upgrade.pan_mail_pro.19.0.5.0.0.post-migrate: [Mail Pro] Dropped 7 obsolete column(s) from res_users 
2026-09-03 05:07:33,349 1 INFO rehearse odoo.upgrade.pan_mail_pro.19.0.5.0.0.post-migrate: [Mail Pro] Dropped 6 obsolete column(s) from pan_mail_mailbox 
2026-09-03 05:07:33,350 1 INFO rehearse odoo.upgrade.pan_mail_pro.19.0.5.0.0.post-migrate: [Mail Pro] Dropped 1 obsolete column(s) from pan_mail_account 
2026-09-03 05:07:33,351 1 INFO rehearse odoo.upgrade.pan_mail_pro.19.0.5.0.0.post-migrate: [Mail Pro] Removed 0 obsolete configuration parameter(s) 
2026-09-03 05:07:33,352 1 INFO rehearse odoo.modules.migration: module pan_mail_pro: Running upgrade [19.0.6.0.0>] post-migrate 
2026-09-03 05:07:33,355 1 INFO rehearse odoo.upgrade.pan_mail_pro.19.0.6.0.0.post-migrate: [Mail Pro] Indexed 0 provider Message-ID(s) from the legacy column 
2026-09-03 05:07:33,357 1 INFO rehearse odoo.upgrade.pan_mail_pro.19.0.6.0.0.post-migrate: [Mail Pro] Dropped the provider-id columns from mail_message and mail_mail 
2026-09-03 05:07:33,358 1 INFO rehearse odoo.modules.migration: module pan_mail_pro: Running upgrade [19.0.6.2.0>] post-migrate 
2026-09-03 05:07:33,361 1 INFO rehearse odoo.modules.migration: module pan_mail_pro: Running upgrade [19.0.6.3.0>] post-migrate 
2026-09-03 05:07:33,497 1 INFO rehearse odoo.modules.loading: Module pan_mail_pro loaded in 2.38s, 1778 queries (+1778 other) 
2026-09-03 05:07:33,531 1 INFO rehearse odoo.modules.loading: 71 modules loaded in 3.14s, 1778 queries (+1778 extra) 
2026-09-03 05:07:33,928 1 INFO rehearse odoo.modules.loading: Model microsoft.oauth.wizard is declared but cannot be loaded! (Perhaps a module was partially removed or renamed) 
2026-09-03 05:07:33,997 1 INFO rehearse odoo.addons.base.models.ir_model: Deleting 381@ir.actions.act_window (pan_mail_pro.action_microsoft_oauth_wizard) 
2026-09-03 05:07:34,046 1 INFO rehearse odoo.models.unlink: User #1 deleted ir.model.data records with IDs: [34673] 
2026-09-03 05:07:34,047 1 INFO rehearse odoo.models.unlink: User #1 deleted ir.actions.act_window records with IDs: [381] 
2026-09-03 05:07:34,054 1 INFO rehearse odoo.addons.base.models.ir_model: Deleting 1193@ir.ui.view (pan_mail_pro.view_microsoft_oauth_wizard_form) 
2026-09-03 05:07:34,066 1 INFO rehearse odoo.models.unlink: User #1 deleted ir.model.data records with IDs: [34672] 
2026-09-03 05:07:34,067 1 INFO rehearse odoo.models.unlink: User #1 deleted ir.ui.view records with IDs: [1193] 
2026-09-03 05:07:34,073 1 INFO rehearse odoo.addons.base.models.ir_model: Deleting 593@ir.model.access (pan_mail_pro.access_mail_provider_client_user) 
2026-09-03 05:07:34,080 1 INFO rehearse odoo.models.unlink: User #1 deleted ir.model.data records with IDs: [34664] 
2026-09-03 05:07:34,080 1 INFO rehearse odoo.models.unlink: User #1 deleted ir.model.access records with IDs: [593] 
2026-09-03 05:07:34,086 1 INFO rehearse odoo.addons.base.models.ir_model: Deleting 592@ir.model.access (pan_mail_pro.access_microsoft_incoming_mail_processor_system) 
2026-09-03 05:07:34,092 1 INFO rehearse odoo.models.unlink: User #1 deleted ir.model.data records with IDs: [34663] 
2026-09-03 05:07:34,093 1 INFO rehearse odoo.models.unlink: User #1 deleted ir.model.access records with IDs: [592] 
2026-09-03 05:07:34,098 1 INFO rehearse odoo.addons.base.models.ir_model: Deleting 591@ir.model.access (pan_mail_pro.access_microsoft_incoming_mail_processor_user) 
2026-09-03 05:07:34,104 1 INFO rehearse odoo.models.unlink: User #1 deleted ir.model.data records with IDs: [34662] 
2026-09-03 05:07:34,105 1 INFO rehearse odoo.models.unlink: User #1 deleted ir.model.access records with IDs: [591] 
2026-09-03 05:07:34,110 1 INFO rehearse odoo.addons.base.models.ir_model: Deleting 590@ir.model.access (pan_mail_pro.access_microsoft_mailbox_system) 
2026-09-03 05:07:34,116 1 INFO rehearse odoo.models.unlink: User #1 deleted ir.model.data records with IDs: [34661] 
2026-09-03 05:07:34,117 1 INFO rehearse odoo.models.unlink: User #1 deleted ir.model.access records with IDs: [590] 
2026-09-03 05:07:34,121 1 INFO rehearse odoo.addons.base.models.ir_model: Deleting 588@ir.model.access (pan_mail_pro.access_microsoft_oauth_wizard_user) 
2026-09-03 05:07:34,128 1 INFO rehearse odoo.models.unlink: User #1 deleted ir.model.data records with IDs: [34659] 
2026-09-03 05:07:34,128 1 INFO rehearse odoo.models.unlink: User #1 deleted ir.model.access records with IDs: [588] 
2026-09-03 05:07:34,134 1 INFO rehearse odoo.addons.base.models.ir_model: Deleting 587@ir.model.access (pan_mail_pro.access_microsoft_graph_client_user) 
2026-09-03 05:07:34,140 1 INFO rehearse odoo.models.unlink: User #1 deleted ir.model.data records with IDs: [34658] 
2026-09-03 05:07:34,140 1 INFO rehearse odoo.models.unlink: User #1 deleted ir.model.access records with IDs: [587] 
2026-09-03 05:07:34,145 1 INFO rehearse odoo.addons.base.models.ir_model: Deleting 1832@ir.model.fields.selection (pan_mail_pro.selection__microsoft_oauth_wizard__state__test) 
2026-09-03 05:07:34,155 1 INFO rehearse odoo.models.unlink: User #1 deleted ir.model.data records with IDs: [34620] 
2026-09-03 05:07:34,156 1 INFO rehearse odoo.models.unlink: User #1 deleted ir.model.fields.selection records with IDs: [1832] 
2026-09-03 05:07:34,161 1 INFO rehearse odoo.addons.base.models.ir_model: Deleting 1831@ir.model.fields.selection (pan_mail_pro.selection__microsoft_oauth_wizard__state__success) 
2026-09-03 05:07:34,169 1 INFO rehearse odoo.models.unlink: User #1 deleted ir.model.data records with IDs: [34619] 
2026-09-03 05:07:34,170 1 INFO rehearse odoo.models.unlink: User #1 deleted ir.model.fields.selection records with IDs: [1831] 
2026-09-03 05:07:34,175 1 INFO rehearse odoo.addons.base.models.ir_model: Deleting 1830@ir.model.fields.selection (pan_mail_pro.selection__microsoft_oauth_wizard__state__start) 
2026-09-03 05:07:34,184 1 INFO rehearse odoo.models.unlink: User #1 deleted ir.model.data records with IDs: [34618] 
2026-09-03 05:07:34,185 1 INFO rehearse odoo.models.unlink: User #1 deleted ir.model.fields.selection records with IDs: [1830] 
2026-09-03 05:07:34,191 1 INFO rehearse odoo.addons.base.models.ir_model: Deleting 1829@ir.model.fields.selection (pan_mail_pro.selection__x_microsoft_mailbox__x_health_status__error) 
2026-09-03 05:07:34,200 1 INFO rehearse odoo.models.unlink: User #1 deleted ir.model.data records with IDs: [33966] 
2026-09-03 05:07:34,201 1 INFO rehearse odoo.models.unlink: User #1 deleted ir.model.fields.selection records with IDs: [1829] 
2026-09-03 05:07:34,209 1 INFO rehearse odoo.addons.base.models.ir_model: Deleting 1828@ir.model.fields.selection (pan_mail_pro.selection__x_microsoft_mailbox__x_health_status__warning) 
2026-09-03 05:07:34,220 1 INFO rehearse odoo.models.unlink: User #1 deleted ir.model.data records with IDs: [33965] 
2026-09-03 05:07:34,221 1 INFO rehearse odoo.models.unlink: User #1 deleted ir.model.fields.selection records with IDs: [1828] 
2026-09-03 05:07:34,227 1 INFO rehearse odoo.addons.base.models.ir_model: Deleting 1827@ir.model.fields.selection (pan_mail_pro.selection__x_microsoft_mailbox__x_health_status__healthy) 
2026-09-03 05:07:34,237 1 INFO rehearse odoo.models.unlink: User #1 deleted ir.model.data records with IDs: [33964] 
2026-09-03 05:07:34,238 1 INFO rehearse odoo.models.unlink: User #1 deleted ir.model.fields.selection records with IDs: [1827] 
2026-09-03 05:07:34,249 1 INFO rehearse odoo.addons.base.models.ir_model: Deleting 1816@ir.model.fields.selection (pan_mail_pro.selection__res_users__x_microsoft_health_status__not_configured) 
2026-09-03 05:07:34,259 1 INFO rehearse odoo.models.unlink: User #1 deleted ir.model.data records with IDs: [33953] 
2026-09-03 05:07:34,260 1 INFO rehearse odoo.models.unlink: User #1 deleted ir.model.fields.selection records with IDs: [1816] 
2026-09-03 05:07:34,266 1 INFO rehearse odoo.addons.base.models.ir_model: Deleting 1815@ir.model.fields.selection (pan_mail_pro.selection__res_users__x_microsoft_health_status__error) 
2026-09-03 05:07:34,277 1 INFO rehearse odoo.models.unlink: User #1 deleted ir.model.data records with IDs: [33952] 
2026-09-03 05:07:34,278 1 INFO rehearse odoo.models.unlink: User #1 deleted ir.model.fields.selection records with IDs: [1815] 
2026-09-03 05:07:34,283 1 INFO rehearse odoo.addons.base.models.ir_model: Deleting 1814@ir.model.fields.selection (pan_mail_pro.selection__res_users__x_microsoft_health_status__warning) 
2026-09-03 05:07:34,295 1 INFO rehearse odoo.models.unlink: User #1 deleted ir.model.data records with IDs: [33951] 
2026-09-03 05:07:34,296 1 INFO rehearse odoo.models.unlink: User #1 deleted ir.model.fields.selection records with IDs: [1814] 
2026-09-03 05:07:34,302 1 INFO rehearse odoo.addons.base.models.ir_model: Deleting 1813@ir.model.fields.selection (pan_mail_pro.selection__res_users__x_microsoft_health_status__healthy) 
2026-09-03 05:07:34,314 1 INFO rehearse odoo.models.unlink: User #1 deleted ir.model.data records with IDs: [33950] 
2026-09-03 05:07:34,315 1 INFO rehearse odoo.models.unlink: User #1 deleted ir.model.fields.selection records with IDs: [1813] 
2026-09-03 05:07:34,321 1 INFO rehearse odoo.addons.base.models.ir_model: Deleting 1812@ir.model.fields.selection (pan_mail_pro.selection__res_config_settings__x_microsoft_config_status__error) 
2026-09-03 05:07:34,333 1 INFO rehearse odoo.models.unlink: User #1 deleted ir.model.data records with IDs: [33926] 
2026-09-03 05:07:34,334 1 INFO rehearse odoo.models.unlink: User #1 deleted ir.model.fields.selection records with IDs: [1812] 
2026-09-03 05:07:34,339 1 INFO rehearse odoo.addons.base.models.ir_model: Deleting 1811@ir.model.fields.selection (pan_mail_pro.selection__res_config_settings__x_microsoft_config_status__verified) 
2026-09-03 05:07:34,350 1 INFO rehearse odoo.models.unlink: User #1 deleted ir.model.data records with IDs: [33925] 
2026-09-03 05:07:34,351 1 INFO rehearse odoo.models.unlink: User #1 deleted ir.model.fields.selection records with IDs: [1811] 
2026-09-03 05:07:34,356 1 INFO rehearse odoo.addons.base.models.ir_model: Deleting 1810@ir.model.fields.selection (pan_mail_pro.selection__res_config_settings__x_microsoft_config_status__configured) 
2026-09-03 05:07:34,366 1 INFO rehearse odoo.models.unlink: User #1 deleted ir.model.data records with IDs: [33924] 
2026-09-03 05:07:34,367 1 INFO rehearse odoo.models.unlink: User #1 deleted ir.model.fields.selection records with IDs: [1810] 
2026-09-03 05:07:34,375 1 INFO rehearse odoo.addons.base.models.ir_model: Deleting 1809@ir.model.fields.selection (pan_mail_pro.selection__res_config_settings__x_microsoft_config_status__not_configured) 
2026-09-03 05:07:34,387 1 INFO rehearse odoo.models.unlink: User #1 deleted ir.model.data records with IDs: [33923] 
2026-09-03 05:07:34,388 1 INFO rehearse odoo.models.unlink: User #1 deleted ir.model.fields.selection records with IDs: [1809] 
2026-09-03 05:07:34,395 1 INFO rehearse odoo.addons.base.models.ir_model: Deleting 7432@ir.model.fields (pan_mail_pro.field_microsoft_oauth_wizard__write_date) 
2026-09-03 05:07:34,442 1 INFO rehearse odoo.models.unlink: User #1 deleted ir.model.data records with IDs: [33903] 
2026-09-03 05:07:34,443 1 INFO rehearse odoo.models.unlink: User #1 deleted ir.model.fields records with IDs: [7432] 
2026-09-03 05:07:34,450 1 INFO rehearse odoo.addons.base.models.ir_model: Deleting 7431@ir.model.fields (pan_mail_pro.field_microsoft_oauth_wizard__write_uid) 
2026-09-03 05:07:34,493 1 INFO rehearse odoo.models.unlink: User #1 deleted ir.model.data records with IDs: [33902] 
2026-09-03 05:07:34,494 1 INFO rehearse odoo.models.unlink: User #1 deleted ir.model.fields records with IDs: [7431] 
2026-09-03 05:07:34,501 1 INFO rehearse odoo.addons.base.models.ir_model: Deleting 7430@ir.model.fields (pan_mail_pro.field_microsoft_oauth_wizard__create_date) 
2026-09-03 05:07:34,544 1 INFO rehearse odoo.models.unlink: User #1 deleted ir.model.data records with IDs: [33901] 
2026-09-03 05:07:34,545 1 INFO rehearse odoo.models.unlink: User #1 deleted ir.model.fields records with IDs: [7430] 
2026-09-03 05:07:34,551 1 INFO rehearse odoo.addons.base.models.ir_model: Deleting 7429@ir.model.fields (pan_mail_pro.field_microsoft_oauth_wizard__create_uid) 
2026-09-03 05:07:34,589 1 INFO rehearse odoo.models.unlink: User #1 deleted ir.model.data records with IDs: [33900] 
2026-09-03 05:07:34,590 1 INFO rehearse odoo.models.unlink: User #1 deleted ir.model.fields records with IDs: [7429] 
2026-09-03 05:07:34,596 1 INFO rehearse odoo.addons.base.models.ir_model: Deleting 7428@ir.model.fields (pan_mail_pro.field_microsoft_oauth_wizard__test_message) 
2026-09-03 05:07:34,636 1 INFO rehearse odoo.models.unlink: User #1 deleted ir.model.data records with IDs: [33899] 
2026-09-03 05:07:34,637 1 INFO rehearse odoo.models.unlink: User #1 deleted ir.model.fields records with IDs: [7428] 
2026-09-03 05:07:34,645 1 INFO rehearse odoo.addons.base.models.ir_model: Deleting 7427@ir.model.fields (pan_mail_pro.field_microsoft_oauth_wizard__test_success) 
2026-09-03 05:07:34,702 1 INFO rehearse odoo.models.unlink: User #1 deleted ir.model.data records with IDs: [33898] 
2026-09-03 05:07:34,703 1 INFO rehearse odoo.models.unlink: User #1 deleted ir.model.fields records with IDs: [7427] 
2026-09-03 05:07:34,708 1 INFO rehearse odoo.addons.base.models.ir_model: Deleting 7426@ir.model.fields (pan_mail_pro.field_microsoft_oauth_wizard__user_email) 
2026-09-03 05:07:34,747 1 INFO rehearse odoo.models.unlink: User #1 deleted ir.model.data records with IDs: [33897] 
2026-09-03 05:07:34,748 1 INFO rehearse odoo.models.unlink: User #1 deleted ir.model.fields records with IDs: [7426] 
2026-09-03 05:07:34,753 1 INFO rehearse odoo.addons.base.models.ir_model: Deleting 7425@ir.model.fields (pan_mail_pro.field_microsoft_oauth_wizard__user_display_name) 
2026-09-03 05:07:34,792 1 INFO rehearse odoo.models.unlink: User #1 deleted ir.model.data records with IDs: [33896] 
2026-09-03 05:07:34,794 1 INFO rehearse odoo.models.unlink: User #1 deleted ir.model.fields records with IDs: [7425] 
2026-09-03 05:07:34,799 1 INFO rehearse odoo.addons.base.models.ir_model: Deleting 7424@ir.model.fields (pan_mail_pro.field_microsoft_oauth_wizard__state) 
2026-09-03 05:07:34,842 1 INFO rehearse odoo.models.unlink: User #1 deleted ir.model.data records with IDs: [33895] 
2026-09-03 05:07:34,843 1 INFO rehearse odoo.models.unlink: User #1 deleted ir.model.fields records with IDs: [7424] 
2026-09-03 05:07:34,849 1 INFO rehearse odoo.addons.base.models.ir_model: Deleting 7423@ir.model.fields (pan_mail_pro.field_microsoft_oauth_wizard__display_name) 
2026-09-03 05:07:34,892 1 INFO rehearse odoo.models.unlink: User #1 deleted ir.model.data records with IDs: [33894] 
2026-09-03 05:07:34,894 1 INFO rehearse odoo.models.unlink: User #1 deleted ir.model.fields records with IDs: [7423] 
2026-09-03 05:07:34,901 1 INFO rehearse odoo.addons.base.models.ir_model: Deleting 7422@ir.model.fields (pan_mail_pro.field_microsoft_oauth_wizard__id) 
2026-09-03 05:07:34,947 1 INFO rehearse odoo.models.unlink: User #1 deleted ir.model.data records with IDs: [33893] 
2026-09-03 05:07:34,948 1 INFO rehearse odoo.models.unlink: User #1 deleted ir.model.fields records with IDs: [7422] 
2026-09-03 05:07:34,955 1 INFO rehearse odoo.addons.base.models.ir_model: Deleting 7419@ir.model.fields (pan_mail_pro.field_mail_message__x_microsoft_message_id) 
2026-09-03 05:07:35,014 1 INFO rehearse odoo.models.unlink: User #1 deleted ir.model.data records with IDs: [33890] 
2026-09-03 05:07:35,015 1 INFO rehearse odoo.models.unlink: User #1 deleted ir.model.fields records with IDs: [7419] 
2026-09-03 05:07:35,020 1 INFO rehearse odoo.addons.base.models.ir_model: Deleting 7418@ir.model.fields (pan_mail_pro.field_mail_mail__x_microsoft_conversation_id) 
2026-09-03 05:07:35,061 1 INFO rehearse odoo.models.unlink: User #1 deleted ir.model.data records with IDs: [33889] 
2026-09-03 05:07:35,062 1 INFO rehearse odoo.models.unlink: User #1 deleted ir.model.fields records with IDs: [7418] 
2026-09-03 05:07:35,068 1 INFO rehearse odoo.addons.base.models.ir_model: Deleting 7417@ir.model.fields (pan_mail_pro.field_mail_mail__x_microsoft_message_id) 
2026-09-03 05:07:35,163 1 INFO rehearse odoo.models.unlink: User #1 deleted ir.model.data records with IDs: [33888] 
2026-09-03 05:07:35,164 1 INFO rehearse odoo.models.unlink: User #1 deleted ir.model.fields records with IDs: [7417] 
2026-09-03 05:07:35,171 1 INFO rehearse odoo.addons.base.models.ir_model: Deleting 7407@ir.model.fields (pan_mail_pro.field_pan_mail_mailbox__x_health_status) 
2026-09-03 05:07:35,213 1 INFO rehearse odoo.models.unlink: User #1 deleted ir.model.data records with IDs: [33878] 
2026-09-03 05:07:35,214 1 INFO rehearse odoo.models.unlink: User #1 deleted ir.model.fields records with IDs: [7407] 
2026-09-03 05:07:35,221 1 INFO rehearse odoo.addons.base.models.ir_model: Deleting 7401@ir.model.fields (pan_mail_pro.field_pan_mail_mailbox__x_sync_sent) 
2026-09-03 05:07:35,264 1 INFO rehearse odoo.models.unlink: User #1 deleted ir.model.data records with IDs: [33872] 
2026-09-03 05:07:35,265 1 INFO rehearse odoo.models.unlink: User #1 deleted ir.model.fields records with IDs: [7401] 
2026-09-03 05:07:35,270 1 INFO rehearse odoo.addons.base.models.ir_model: Deleting 7400@ir.model.fields (pan_mail_pro.field_pan_mail_mailbox__x_sync_inbox) 
2026-09-03 05:07:35,318 1 INFO rehearse odoo.models.unlink: User #1 deleted ir.model.data records with IDs: [33871] 
2026-09-03 05:07:35,319 1 INFO rehearse odoo.models.unlink: User #1 deleted ir.model.fields records with IDs: [7400] 
2026-09-03 05:07:35,325 1 INFO rehearse odoo.addons.base.models.ir_model: Deleting 7395@ir.model.fields (pan_mail_pro.field_pan_mail_mailbox__x_sync_unknown_contacts) 
2026-09-03 05:07:35,369 1 INFO rehearse odoo.models.unlink: User #1 deleted ir.model.data records with IDs: [33866] 
2026-09-03 05:07:35,370 1 INFO rehearse odoo.models.unlink: User #1 deleted ir.model.fields records with IDs: [7395] 
2026-09-03 05:07:35,375 1 INFO rehearse odoo.addons.base.models.ir_model: Deleting 7394@ir.model.fields (pan_mail_pro.field_pan_mail_mailbox__x_incoming_sync) 
2026-09-03 05:07:35,415 1 INFO rehearse odoo.models.unlink: User #1 deleted ir.model.data records with IDs: [33865] 
2026-09-03 05:07:35,416 1 INFO rehearse odoo.models.unlink: User #1 deleted ir.model.fields records with IDs: [7394] 
2026-09-03 05:07:35,421 1 INFO rehearse odoo.addons.base.models.ir_model: Deleting 7392@ir.model.fields (pan_mail_pro.field_pan_mail_mailbox__x_incoming_enabled) 
2026-09-03 05:07:35,465 1 INFO rehearse odoo.models.unlink: User #1 deleted ir.model.data records with IDs: [33863] 
2026-09-03 05:07:35,465 1 INFO rehearse odoo.models.unlink: User #1 deleted ir.model.fields records with IDs: [7392] 
2026-09-03 05:07:35,470 1 INFO rehearse odoo.addons.base.models.ir_model: Deleting 7391@ir.model.fields (pan_mail_pro.field_pan_mail_mailbox__x_incoming_user_id) 
2026-09-03 05:07:35,512 1 INFO rehearse odoo.models.unlink: User #1 deleted ir.model.data records with IDs: [33862] 
2026-09-03 05:07:35,513 1 INFO rehearse odoo.models.unlink: User #1 deleted ir.model.fields records with IDs: [7391] 
2026-09-03 05:07:35,518 1 INFO rehearse odoo.addons.base.models.ir_model: Deleting 7379@ir.model.fields (pan_mail_pro.field_res_users__x_microsoft_refresh_token) 
2026-09-03 05:07:35,554 1 INFO rehearse odoo.models.unlink: User #1 deleted ir.model.data records with IDs: [33850] 
2026-09-03 05:07:35,555 1 INFO rehearse odoo.models.unlink: User #1 deleted ir.model.fields records with IDs: [7379] 
2026-09-03 05:07:35,560 1 INFO rehearse odoo.addons.base.models.ir_model: Deleting 7378@ir.model.fields (pan_mail_pro.field_res_users__x_microsoft_access_token) 
2026-09-03 05:07:35,611 1 INFO rehearse odoo.models.unlink: User #1 deleted ir.model.data records with IDs: [33849] 
2026-09-03 05:07:35,612 1 INFO rehearse odoo.models.unlink: User #1 deleted ir.model.fields records with IDs: [7378] 
2026-09-03 05:07:35,618 1 INFO rehearse odoo.addons.base.models.ir_model: Deleting 7377@ir.model.fields (pan_mail_pro.field_res_users__x_microsoft_oauth_state) 
2026-09-03 05:07:35,658 1 INFO rehearse odoo.models.unlink: User #1 deleted ir.model.data records with IDs: [33848] 
2026-09-03 05:07:35,659 1 INFO rehearse odoo.models.unlink: User #1 deleted ir.model.fields records with IDs: [7377] 
2026-09-03 05:07:35,664 1 INFO rehearse odoo.addons.base.models.ir_model: Deleting 7376@ir.model.fields (pan_mail_pro.field_res_users__x_microsoft_health_status) 
2026-09-03 05:07:35,700 1 INFO rehearse odoo.models.unlink: User #1 deleted ir.model.data records with IDs: [33847] 
2026-09-03 05:07:35,701 1 INFO rehearse odoo.models.unlink: User #1 deleted ir.model.fields records with IDs: [7376] 
2026-09-03 05:07:35,706 1 INFO rehearse odoo.addons.base.models.ir_model: Deleting 7375@ir.model.fields (pan_mail_pro.field_res_users__x_microsoft_oauth_connected) 
2026-09-03 05:07:35,748 1 INFO rehearse odoo.models.unlink: User #1 deleted ir.model.data records with IDs: [33846] 
2026-09-03 05:07:35,749 1 INFO rehearse odoo.models.unlink: User #1 deleted ir.model.fields records with IDs: [7375] 
2026-09-03 05:07:35,754 1 INFO rehearse odoo.addons.base.models.ir_model: Deleting 7373@ir.model.fields (pan_mail_pro.field_res_users__x_microsoft_token_expiry) 
2026-09-03 05:07:35,799 1 INFO rehearse odoo.models.unlink: User #1 deleted ir.model.data records with IDs: [33844] 
2026-09-03 05:07:35,800 1 INFO rehearse odoo.models.unlink: User #1 deleted ir.model.fields records with IDs: [7373] 
2026-09-03 05:07:35,806 1 INFO rehearse odoo.addons.base.models.ir_model: Deleting 7372@ir.model.fields (pan_mail_pro.field_res_users__x_microsoft_refresh_token_encrypted) 
2026-09-03 05:07:35,845 1 INFO rehearse odoo.models.unlink: User #1 deleted ir.model.data records with IDs: [33843] 
2026-09-03 05:07:35,846 1 INFO rehearse odoo.models.unlink: User #1 deleted ir.model.fields records with IDs: [7372] 
2026-09-03 05:07:35,852 1 INFO rehearse odoo.addons.base.models.ir_model: Deleting 7371@ir.model.fields (pan_mail_pro.field_res_users__x_microsoft_access_token_encrypted) 
2026-09-03 05:07:35,893 1 INFO rehearse odoo.models.unlink: User #1 deleted ir.model.data records with IDs: [33842] 
2026-09-03 05:07:35,893 1 INFO rehearse odoo.models.unlink: User #1 deleted ir.model.fields records with IDs: [7371] 
2026-09-03 05:07:35,899 1 INFO rehearse odoo.addons.base.models.ir_model: Deleting 7370@ir.model.fields (pan_mail_pro.field_res_config_settings__x_microsoft_token_url) 
2026-09-03 05:07:35,939 1 INFO rehearse odoo.models.unlink: User #1 deleted ir.model.data records with IDs: [33841] 
2026-09-03 05:07:35,939 1 INFO rehearse odoo.models.unlink: User #1 deleted ir.model.fields records with IDs: [7370] 
2026-09-03 05:07:35,945 1 INFO rehearse odoo.addons.base.models.ir_model: Deleting 7369@ir.model.fields (pan_mail_pro.field_res_config_settings__x_microsoft_auth_url) 
2026-09-03 05:07:35,982 1 INFO rehearse odoo.models.unlink: User #1 deleted ir.model.data records with IDs: [33840] 
2026-09-03 05:07:35,983 1 INFO rehearse odoo.models.unlink: User #1 deleted ir.model.fields records with IDs: [7369] 
2026-09-03 05:07:35,988 1 INFO rehearse odoo.addons.base.models.ir_model: Deleting 7365@ir.model.fields (pan_mail_pro.field_res_config_settings__x_microsoft_client_secret_encrypted) 
2026-09-03 05:07:36,030 1 INFO rehearse odoo.models.unlink: User #1 deleted ir.model.data records with IDs: [33836] 
2026-09-03 05:07:36,031 1 INFO rehearse odoo.models.unlink: User #1 deleted ir.model.fields records with IDs: [7365] 
2026-09-03 05:07:36,036 1 INFO rehearse odoo.addons.base.models.ir_model: Deleting 7363@ir.model.fields (pan_mail_pro.field_res_config_settings__x_microsoft_alias_domains) 
2026-09-03 05:07:36,078 1 INFO rehearse odoo.models.unlink: User #1 deleted ir.model.data records with IDs: [33834] 
2026-09-03 05:07:36,079 1 INFO rehearse odoo.models.unlink: User #1 deleted ir.model.fields records with IDs: [7363] 
2026-09-03 05:07:36,084 1 INFO rehearse odoo.addons.base.models.ir_model: Deleting 7362@ir.model.fields (pan_mail_pro.field_res_config_settings__x_current_user_oauth_connected) 
2026-09-03 05:07:36,121 1 INFO rehearse odoo.models.unlink: User #1 deleted ir.model.data records with IDs: [33833] 
2026-09-03 05:07:36,121 1 INFO rehearse odoo.models.unlink: User #1 deleted ir.model.fields records with IDs: [7362] 
2026-09-03 05:07:36,127 1 INFO rehearse odoo.addons.base.models.ir_model: Deleting 7361@ir.model.fields (pan_mail_pro.field_res_config_settings__x_microsoft_notification_configured) 
2026-09-03 05:07:36,167 1 INFO rehearse odoo.models.unlink: User #1 deleted ir.model.data records with IDs: [33832] 
2026-09-03 05:07:36,167 1 INFO rehearse odoo.models.unlink: User #1 deleted ir.model.fields records with IDs: [7361] 
2026-09-03 05:07:36,173 1 INFO rehearse odoo.addons.base.models.ir_model: Deleting 7360@ir.model.fields (pan_mail_pro.field_res_config_settings__x_microsoft_mailbox_count) 
2026-09-03 05:07:36,212 1 INFO rehearse odoo.models.unlink: User #1 deleted ir.model.data records with IDs: [33831] 
2026-09-03 05:07:36,213 1 INFO rehearse odoo.models.unlink: User #1 deleted ir.model.fields records with IDs: [7360] 
2026-09-03 05:07:36,218 1 INFO rehearse odoo.addons.base.models.ir_model: Deleting 7359@ir.model.fields (pan_mail_pro.field_res_config_settings__x_microsoft_config_status_message) 
2026-09-03 05:07:36,253 1 INFO rehearse odoo.models.unlink: User #1 deleted ir.model.data records with IDs: [33830] 
2026-09-03 05:07:36,254 1 INFO rehearse odoo.models.unlink: User #1 deleted ir.model.fields records with IDs: [7359] 
2026-09-03 05:07:36,259 1 INFO rehearse odoo.addons.base.models.ir_model: Deleting 7358@ir.model.fields (pan_mail_pro.field_res_config_settings__x_microsoft_config_status) 
2026-09-03 05:07:36,299 1 INFO rehearse odoo.models.unlink: User #1 deleted ir.model.data records with IDs: [33829] 
2026-09-03 05:07:36,299 1 INFO rehearse odoo.models.unlink: User #1 deleted ir.model.fields records with IDs: [7358] 
2026-09-03 05:07:36,304 1 INFO rehearse odoo.addons.base.models.ir_model: Deleting 7357@ir.model.fields (pan_mail_pro.field_res_config_settings__x_microsoft_module_version) 
2026-09-03 05:07:36,343 1 INFO rehearse odoo.models.unlink: User #1 deleted ir.model.data records with IDs: [33828] 
2026-09-03 05:07:36,344 1 INFO rehearse odoo.models.unlink: User #1 deleted ir.model.fields records with IDs: [7357] 
2026-09-03 05:07:36,349 1 INFO rehearse odoo.addons.base.models.ir_model: Deleting 587@ir.model (pan_mail_pro.model_microsoft_oauth_wizard) 
2026-09-03 05:07:36,357 1 INFO rehearse odoo.addons.base.models.ir_model: The model microsoft.oauth.wizard could not be dropped because it did not exist in the registry. 
2026-09-03 05:07:36,370 1 INFO rehearse odoo.models.unlink: User #1 deleted ir.model.data records with IDs: [33811] 
2026-09-03 05:07:36,371 1 INFO rehearse odoo.models.unlink: User #1 deleted ir.model records with IDs: [587] 
2026-09-03 05:07:36,380 1 INFO rehearse odoo.models.unlink: User #1 deleted ir.model.data records with IDs: [33963, 33962, 33961, 33960, 33959, 33958, 33957, 33956, 33955, 33954] 
2026-09-03 05:07:36,390 1 INFO rehearse odoo.registry: verifying fields for every extended model 
2026-09-03 05:07:37,075 1 INFO rehearse odoo.modules.loading: Modules loaded. 
2026-09-03 05:07:37,096 1 INFO rehearse odoo.registry: Registry changed, signaling through the database 
2026-09-03 05:07:37,098 1 INFO rehearse odoo.registry: Registry loaded in 9.351s 
2026-09-03 05:07:37,098 1 INFO rehearse odoo.service.server: Starting post tests 
2026-09-03 05:07:37,108 1 INFO rehearse odoo.addons.pan_mail_pro.tests.test_account_migration: Starting TestAccountMigration.test_archived_user_keeps_an_archived_account ... 
2026-09-03 05:07:37,323 1 INFO rehearse odoo.addons.pan_mail_pro.models.mail_mail: [Outgoing Mail] No mailboxes configured — using Odoo's standard mail handling 
2026-09-03 05:07:37,329 1 INFO rehearse odoo.addons.auth_signup.models.res_users: Signup email sent for user <archived@test.local> to <archived@test.local> 
2026-09-03 05:07:37,339 1 INFO rehearse odoo.addons.pan_mail_pro.models.encryption_utils: [Encryption] Generated a new encryption key. Credentials are stored encrypted in the database. 
2026-09-03 05:07:37,361 1 INFO rehearse odoo.models.unlink: User #1 deleted discuss.channel.member records with IDs: [3] 
2026-09-03 05:07:37,365 1 INFO rehearse pan_account_post_migrate: [Mail Pro] Migrated 1 user token set(s) to pan.mail.account (1 connected users, 1 connected accounts) 
2026-09-03 05:07:37,368 1 INFO rehearse odoo.addons.pan_mail_pro.tests.test_account_migration: Starting TestAccountMigration.test_ciphertext_is_copied_not_re_encrypted ... 
2026-09-03 05:07:37,553 1 INFO rehearse odoo.addons.pan_mail_pro.models.mail_mail: [Outgoing Mail] No mailboxes configured — using Odoo's standard mail handling 
2026-09-03 05:07:37,558 1 INFO rehearse odoo.addons.auth_signup.models.res_users: Signup email sent for user <cipher@test.local> to <cipher@test.local> 
2026-09-03 05:07:37,567 1 INFO rehearse odoo.addons.pan_mail_pro.models.encryption_utils: [Encryption] Generated a new encryption key. Credentials are stored encrypted in the database. 
2026-09-03 05:07:37,570 1 INFO rehearse pan_account_post_migrate: [Mail Pro] Migrated 1 user token set(s) to pan.mail.account (1 connected users, 1 connected accounts) 
2026-09-03 05:07:37,573 1 INFO rehearse odoo.addons.pan_mail_pro.tests.test_account_migration: Starting TestAccountMigration.test_connected_user_gets_an_account ... 
2026-09-03 05:07:37,761 1 INFO rehearse odoo.addons.pan_mail_pro.models.mail_mail: [Outgoing Mail] No mailboxes configured — using Odoo's standard mail handling 
2026-09-03 05:07:37,767 1 INFO rehearse odoo.addons.auth_signup.models.res_users: Signup email sent for user <migrate_me@test.local> to <migrate_me@test.local> 
2026-09-03 05:07:37,775 1 INFO rehearse odoo.addons.pan_mail_pro.models.encryption_utils: [Encryption] Generated a new encryption key. Credentials are stored encrypted in the database. 
2026-09-03 05:07:37,778 1 INFO rehearse pan_account_post_migrate: [Mail Pro] Migrated 1 user token set(s) to pan.mail.account (1 connected users, 1 connected accounts) 
2026-09-03 05:07:37,780 1 INFO rehearse odoo.addons.pan_mail_pro.tests.test_account_migration: Starting TestAccountMigration.test_connection_flag_is_realigned_with_the_accounts ... 
2026-09-03 05:07:37,952 1 INFO rehearse odoo.addons.pan_mail_pro.models.mail_mail: [Outgoing Mail] No mailboxes configured — using Odoo's standard mail handling 
2026-09-03 05:07:37,958 1 INFO rehearse odoo.addons.auth_signup.models.res_users: Signup email sent for user <stale_false@test.local> to <stale_false@test.local> 
2026-09-03 05:07:37,967 1 INFO rehearse odoo.addons.pan_mail_pro.models.encryption_utils: [Encryption] Generated a new encryption key. Credentials are stored encrypted in the database. 
2026-09-03 05:07:38,121 1 INFO rehearse odoo.addons.pan_mail_pro.models.mail_mail: [Outgoing Mail] No mailboxes configured — using Odoo's standard mail handling 
2026-09-03 05:07:38,128 1 INFO rehearse odoo.addons.auth_signup.models.res_users: Signup email sent for user <stale_true@test.local> to <stale_true@test.local> 
2026-09-03 05:07:38,136 1 INFO rehearse pan_account_post_migrate: [Mail Pro] Migrated 1 user token set(s) to pan.mail.account (1 connected users, 1 connected accounts) 
2026-09-03 05:07:38,141 1 INFO rehearse pan_cleanup_post_migrate: [Mail Pro] Realigned the connection flag for 6 user(s) 
2026-09-03 05:07:38,146 1 INFO rehearse pan_cleanup_post_migrate: [Mail Pro] Dropped 7 obsolete column(s) from res_users 
2026-09-03 05:07:38,148 1 INFO rehearse pan_cleanup_post_migrate: [Mail Pro] Dropped 6 obsolete column(s) from pan_mail_mailbox 
2026-09-03 05:07:38,148 1 INFO rehearse pan_cleanup_post_migrate: [Mail Pro] Dropped 1 obsolete column(s) from pan_mail_account 
2026-09-03 05:07:38,149 1 INFO rehearse pan_cleanup_post_migrate: [Mail Pro] Removed 0 obsolete configuration parameter(s) 
2026-09-03 05:07:38,152 1 INFO rehearse odoo.addons.pan_mail_pro.tests.test_account_migration: Starting TestAccountMigration.test_email_falls_back_to_login ... 
2026-09-03 05:07:38,302 1 INFO rehearse odoo.addons.pan_mail_pro.models.encryption_utils: [Encryption] Generated a new encryption key. Credentials are stored encrypted in the database. 
2026-09-03 05:07:38,305 1 INFO rehearse pan_account_post_migrate: [Mail Pro] Migrated 1 user token set(s) to pan.mail.account (1 connected users, 1 connected accounts) 
2026-09-03 05:07:38,307 1 INFO rehearse odoo.addons.pan_mail_pro.tests.test_account_migration: Starting TestAccountMigration.test_running_twice_does_not_duplicate ... 
2026-09-03 05:07:38,486 1 INFO rehearse odoo.addons.pan_mail_pro.models.mail_mail: [Outgoing Mail] No mailboxes configured — using Odoo's standard mail handling 
2026-09-03 05:07:38,492 1 INFO rehearse odoo.addons.auth_signup.models.res_users: Signup email sent for user <twice@test.local> to <twice@test.local> 
2026-09-03 05:07:38,499 1 INFO rehearse odoo.addons.pan_mail_pro.models.encryption_utils: [Encryption] Generated a new encryption key. Credentials are stored encrypted in the database. 
2026-09-03 05:07:38,502 1 INFO rehearse pan_account_post_migrate: [Mail Pro] Migrated 1 user token set(s) to pan.mail.account (1 connected users, 1 connected accounts) 
2026-09-03 05:07:38,503 1 INFO rehearse pan_account_post_migrate: [Mail Pro] Migrated 0 user token set(s) to pan.mail.account (1 connected users, 1 connected accounts) 
2026-09-03 05:07:38,505 1 INFO rehearse odoo.addons.pan_mail_pro.tests.test_account_migration: Starting TestAccountMigration.test_user_columns_are_copied_not_moved ... 
2026-09-03 05:07:38,682 1 INFO rehearse odoo.addons.pan_mail_pro.models.mail_mail: [Outgoing Mail] No mailboxes configured — using Odoo's standard mail handling 
2026-09-03 05:07:38,688 1 INFO rehearse odoo.addons.auth_signup.models.res_users: Signup email sent for user <rollback@test.local> to <rollback@test.local> 
2026-09-03 05:07:38,697 1 INFO rehearse odoo.addons.pan_mail_pro.models.encryption_utils: [Encryption] Generated a new encryption key. Credentials are stored encrypted in the database. 
2026-09-03 05:07:38,700 1 INFO rehearse pan_account_post_migrate: [Mail Pro] Migrated 1 user token set(s) to pan.mail.account (1 connected users, 1 connected accounts) 
2026-09-03 05:07:38,702 1 INFO rehearse odoo.addons.pan_mail_pro.tests.test_account_migration: Starting TestAccountMigration.test_user_without_tokens_gets_no_account ... 
2026-09-03 05:07:38,874 1 INFO rehearse odoo.addons.pan_mail_pro.models.mail_mail: [Outgoing Mail] No mailboxes configured — using Odoo's standard mail handling 
2026-09-03 05:07:38,879 1 INFO rehearse odoo.addons.auth_signup.models.res_users: Signup email sent for user <never_connected@test.local> to <never_connected@test.local> 
2026-09-03 05:07:38,888 1 INFO rehearse pan_account_post_migrate: [Mail Pro] Migrated 0 user token set(s) to pan.mail.account (0 connected users, 0 connected accounts) 
2026-09-03 05:07:38,892 1 INFO rehearse odoo.addons.base.models.ir_attachment: filestore gc 10 checked, 9 removed 
2026-09-03 05:07:39,358 1 INFO rehearse odoo.addons.pan_mail_pro.models.encryption_utils: [Encryption] Generated a new encryption key. Credentials are stored encrypted in the database. 
2026-09-03 05:07:39,374 1 INFO rehearse odoo.addons.pan_mail_pro.models.pan_mail_mailbox: [Mail Pro] SMTP takeover active — all email routes through the provider API 
2026-09-03 05:07:39,418 1 INFO rehearse odoo.addons.pan_mail_pro.tests.test_ai_contract: Starting TestAIContract.test_a_failing_backend_does_not_break_sending ... 
2026-09-03 05:07:39,437 1 INFO rehearse odoo.addons.pan_mail_pro.models.mail_mail: [Outgoing Mail] Processing email 9 
2026-09-03 05:07:39,439 1 INFO rehearse odoo.addons.pan_mail_pro.models.mail_mail: [Outgoing Mail] Sending from info@company.test (credentials: sales@test.local) 
2026-09-03 05:07:39,440 1 INFO rehearse odoo.addons.pan_mail_pro.models.providers.microsoft.graph_client: [Graph API] Using delegated token for sales@test.local to send from mailbox: info@company.test 
2026-09-03 05:07:39,440 1 INFO rehearse odoo.addons.pan_mail_pro.models.providers.microsoft.graph_client: [Graph API] Sending email from info@company.test to ['customer@example.com'] cc [] 
2026-09-03 05:07:39,441 1 INFO rehearse odoo.addons.pan_mail_pro.models.providers.microsoft.graph_client: [Graph API] Created draft - Message-ID: <msg@test>, Conversation-ID: CONV_ID 
2026-09-03 05:07:39,441 1 INFO rehearse odoo.addons.pan_mail_pro.models.providers.microsoft.graph_client: [Graph API] Successfully sent email <msg@test> 
2026-09-03 05:07:39,451 1 INFO rehearse odoo.addons.pan_mail_pro.models.mail_mail: [Outgoing Mail] Mail 9 sent from info@company.test (message <msg@test>, thread CONV_ID) 
2026-09-03 05:07:39,453 1 INFO rehearse odoo.addons.pan_mail_pro.tests.test_ai_contract: Starting TestAIContract.test_a_failing_backend_leaves_the_item_workable ... 
2026-09-03 05:07:39,478 1 ERROR rehearse odoo.addons.pan_mail_pro.models.pan_mail_item: [Mail AI] Could not classify item 1 
Traceback (most recent call last):
  File "/mnt/extra-addons/pan_mail_pro/models/pan_mail_item.py", line 370, in _cron_ai_classify
    suggestion = backend.classify(item._ai_payload())
                 ^^^^^^^^^^^^^^^^^^^^^^^^^^^^^^^^^^^^
  File "/mnt/extra-addons/pan_mail_pro/tests/test_ai_contract.py", line 173, in boom
    raise RuntimeError('AI is down')
RuntimeError: AI is down
2026-09-03 05:07:39,483 1 INFO rehearse odoo.addons.pan_mail_pro.tests.test_ai_contract: Starting TestAIContract.test_candidates_come_from_deterministic_matching ... 
2026-09-03 05:07:39,502 1 INFO rehearse odoo.addons.pan_mail_pro.tests.test_ai_contract: Starting TestAIContract.test_confidence_is_clamped ... 
2026-09-03 05:07:39,503 1 INFO rehearse odoo.addons.pan_mail_pro.tests.test_ai_contract: Starting TestAIContract.test_cron_is_a_no_op_when_disabled ... 
2026-09-03 05:07:39,508 1 INFO rehearse odoo.addons.pan_mail_pro.tests.test_ai_contract: Starting TestAIContract.test_default_backend_is_disabled ... 
2026-09-03 05:07:39,509 1 INFO rehearse odoo.addons.pan_mail_pro.tests.test_ai_contract: Starting TestAIContract.test_every_backend_implements_the_contract ... 
2026-09-03 05:07:39,510 1 INFO rehearse odoo.addons.pan_mail_pro.tests.test_ai_contract: Starting TestAIContract.test_every_registered_backend_resolves ... 
2026-09-03 05:07:39,511 1 INFO rehearse odoo.addons.pan_mail_pro.tests.test_ai_contract: Starting TestAIContract.test_invented_target_is_dropped ... 
2026-09-03 05:07:39,511 1 WARNING rehearse odoo.addons.pan_mail_pro.models.ai.pan_mail_ai: [Mail AI] Backend suggested res.users/1 which was not a candidate; dropping 
2026-09-03 05:07:39,512 1 INFO rehearse odoo.addons.pan_mail_pro.tests.test_ai_contract: Starting TestAIContract.test_no_partner_means_no_candidates ... 
2026-09-03 05:07:39,516 1 INFO rehearse odoo.addons.pan_mail_pro.tests.test_ai_contract: Starting TestAIContract.test_selection_and_registry_agree ... 
2026-09-03 05:07:39,517 1 INFO rehearse odoo.addons.pan_mail_pro.tests.test_ai_contract: Starting TestAIContract.test_suggestion_is_stored_but_nothing_is_filed ... 
2026-09-03 05:07:39,536 1 INFO rehearse odoo.addons.pan_mail_pro.tests.test_ai_contract: Starting TestAIContract.test_unknown_backend_falls_back_to_none ... 
2026-09-03 05:07:39,539 1 WARNING rehearse odoo.addons.pan_mail_pro.models.ai.pan_mail_ai: [Mail AI] Unknown AI backend 'does-not-exist'; falling back to none 
2026-09-03 05:07:39,542 1 INFO rehearse odoo.addons.base.models.ir_attachment: filestore gc 4 checked, 4 removed 
2026-09-03 05:07:40,018 1 INFO rehearse odoo.addons.pan_mail_pro.models.encryption_utils: [Encryption] Generated a new encryption key. Credentials are stored encrypted in the database. 
2026-09-03 05:07:40,037 1 INFO rehearse odoo.addons.pan_mail_pro.models.pan_mail_mailbox: [Mail Pro] SMTP takeover active — all email routes through the provider API 
2026-09-03 05:07:40,099 1 INFO rehearse odoo.addons.pan_mail_pro.tests.test_attachments: Starting TestAttachments.test_inline_image_marked_as_inline ... 
2026-09-03 05:07:40,120 1 INFO rehearse odoo.addons.pan_mail_pro.models.mail_mail: [Outgoing Mail] Processing email 10 
2026-09-03 05:07:40,124 1 INFO rehearse odoo.addons.pan_mail_pro.models.mail_mail: [Outgoing Mail] Sending from info@company.test (credentials: sales@test.local) 
2026-09-03 05:07:40,125 1 INFO rehearse odoo.addons.pan_mail_pro.models.providers.microsoft.graph_client: [Graph API] Using delegated token for sales@test.local to send from mailbox: info@company.test 
2026-09-03 05:07:40,126 1 INFO rehearse odoo.addons.pan_mail_pro.models.providers.microsoft.graph_client: [Graph API] Converted 1 inline image(s) to cid: references 
2026-09-03 05:07:40,126 1 INFO rehearse odoo.addons.pan_mail_pro.models.providers.microsoft.graph_client: [Graph API] Sending email from info@company.test to ['customer@example.com'] cc [] 
2026-09-03 05:07:40,127 1 INFO rehearse odoo.addons.pan_mail_pro.models.providers.microsoft.graph_client: [Graph API] Created draft - Message-ID: <msg@test>, Conversation-ID: CONV_ID 
2026-09-03 05:07:40,128 1 INFO rehearse odoo.addons.pan_mail_pro.models.providers.microsoft.graph_client: [Graph API] Added attachment 'logo.png' to draft 
2026-09-03 05:07:40,129 1 INFO rehearse odoo.addons.pan_mail_pro.models.providers.microsoft.graph_client: [Graph API] Successfully sent email <msg@test> 
2026-09-03 05:07:40,143 1 INFO rehearse odoo.addons.pan_mail_pro.models.mail_mail: [Outgoing Mail] Mail 10 sent from info@company.test (message <msg@test>, thread CONV_ID) 
2026-09-03 05:07:40,145 1 INFO rehearse odoo.addons.pan_mail_pro.tests.test_attachments: Starting TestAttachments.test_large_attachment_uses_upload_session ... 
2026-09-03 05:07:40,164 1 INFO rehearse odoo.addons.pan_mail_pro.models.mail_mail: [Outgoing Mail] Processing email 11 
2026-09-03 05:07:40,168 1 INFO rehearse odoo.addons.pan_mail_pro.models.mail_mail: [Outgoing Mail] Sending from info@company.test (credentials: sales@test.local) 
2026-09-03 05:07:40,168 1 INFO rehearse odoo.addons.pan_mail_pro.models.providers.microsoft.graph_client: [Graph API] Using delegated token for sales@test.local to send from mailbox: info@company.test 
2026-09-03 05:07:40,169 1 INFO rehearse odoo.addons.pan_mail_pro.models.providers.microsoft.graph_client: [Graph API] Sending email from info@company.test to ['customer@example.com'] cc [] 
2026-09-03 05:07:40,169 1 INFO rehearse odoo.addons.pan_mail_pro.models.providers.microsoft.graph_client: [Graph API] Created draft - Message-ID: <msg@test>, Conversation-ID: CONV_ID 
2026-09-03 05:07:40,169 1 INFO rehearse odoo.addons.pan_mail_pro.models.providers.microsoft.graph_client: [Graph API] Uploading large attachment 'big.pdf' (2048 bytes) via upload session 
2026-09-03 05:07:40,170 1 INFO rehearse odoo.addons.pan_mail_pro.models.providers.microsoft.graph_client: [Graph API] Upload complete for 'big.pdf' 
2026-09-03 05:07:40,171 1 INFO rehearse odoo.addons.pan_mail_pro.models.providers.microsoft.graph_client: [Graph API] Successfully sent email <msg@test> 
2026-09-03 05:07:40,179 1 INFO rehearse odoo.addons.pan_mail_pro.models.mail_mail: [Outgoing Mail] Mail 11 sent from info@company.test (message <msg@test>, thread CONV_ID) 
2026-09-03 05:07:40,181 1 INFO rehearse odoo.addons.pan_mail_pro.tests.test_attachments: Starting TestAttachments.test_mixed_size_attachments ... 
2026-09-03 05:07:40,203 1 INFO rehearse odoo.addons.pan_mail_pro.models.mail_mail: [Outgoing Mail] Processing email 12 
2026-09-03 05:07:40,207 1 INFO rehearse odoo.addons.pan_mail_pro.models.mail_mail: [Outgoing Mail] Sending from info@company.test (credentials: sales@test.local) 
2026-09-03 05:07:40,207 1 INFO rehearse odoo.addons.pan_mail_pro.models.providers.microsoft.graph_client: [Graph API] Using delegated token for sales@test.local to send from mailbox: info@company.test 
2026-09-03 05:07:40,208 1 INFO rehearse odoo.addons.pan_mail_pro.models.providers.microsoft.graph_client: [Graph API] Sending email from info@company.test to ['customer@example.com'] cc [] 
2026-09-03 05:07:40,209 1 INFO rehearse odoo.addons.pan_mail_pro.models.providers.microsoft.graph_client: [Graph API] Created draft - Message-ID: <msg@test>, Conversation-ID: CONV_ID 
2026-09-03 05:07:40,210 1 INFO rehearse odoo.addons.pan_mail_pro.models.providers.microsoft.graph_client: [Graph API] Added attachment 's.pdf' to draft 
2026-09-03 05:07:40,210 1 INFO rehearse odoo.addons.pan_mail_pro.models.providers.microsoft.graph_client: [Graph API] Uploading large attachment 'l.pdf' (4096 bytes) via upload session 
2026-09-03 05:07:40,211 1 INFO rehearse odoo.addons.pan_mail_pro.models.providers.microsoft.graph_client: [Graph API] Upload complete for 'l.pdf' 
2026-09-03 05:07:40,212 1 INFO rehearse odoo.addons.pan_mail_pro.models.providers.microsoft.graph_client: [Graph API] Successfully sent email <msg@test> 
2026-09-03 05:07:40,231 1 INFO rehearse odoo.addons.pan_mail_pro.models.mail_mail: [Outgoing Mail] Mail 12 sent from info@company.test (message <msg@test>, thread CONV_ID) 
2026-09-03 05:07:40,232 1 INFO rehearse odoo.addons.pan_mail_pro.tests.test_attachments: Starting TestAttachments.test_no_attachments_no_endpoint_call ... 
2026-09-03 05:07:40,250 1 INFO rehearse odoo.addons.pan_mail_pro.models.mail_mail: [Outgoing Mail] Processing email 13 
2026-09-03 05:07:40,254 1 INFO rehearse odoo.addons.pan_mail_pro.models.mail_mail: [Outgoing Mail] Sending from info@company.test (credentials: sales@test.local) 
2026-09-03 05:07:40,255 1 INFO rehearse odoo.addons.pan_mail_pro.models.providers.microsoft.graph_client: [Graph API] Using delegated token for sales@test.local to send from mailbox: info@company.test 
2026-09-03 05:07:40,255 1 INFO rehearse odoo.addons.pan_mail_pro.models.providers.microsoft.graph_client: [Graph API] Sending email from info@company.test to ['customer@example.com'] cc [] 
2026-09-03 05:07:40,256 1 INFO rehearse odoo.addons.pan_mail_pro.models.providers.microsoft.graph_client: [Graph API] Created draft - Message-ID: <msg@test>, Conversation-ID: CONV_ID 
2026-09-03 05:07:40,256 1 INFO rehearse odoo.addons.pan_mail_pro.models.providers.microsoft.graph_client: [Graph API] Successfully sent email <msg@test> 
2026-09-03 05:07:40,265 1 INFO rehearse odoo.addons.pan_mail_pro.models.mail_mail: [Outgoing Mail] Mail 13 sent from info@company.test (message <msg@test>, thread CONV_ID) 
2026-09-03 05:07:40,267 1 INFO rehearse odoo.addons.pan_mail_pro.tests.test_attachments: Starting TestAttachments.test_small_attachment_uses_direct_endpoint ... 
2026-09-03 05:07:40,290 1 INFO rehearse odoo.addons.pan_mail_pro.models.mail_mail: [Outgoing Mail] Processing email 14 
2026-09-03 05:07:40,295 1 INFO rehearse odoo.addons.pan_mail_pro.models.mail_mail: [Outgoing Mail] Sending from info@company.test (credentials: sales@test.local) 
2026-09-03 05:07:40,296 1 INFO rehearse odoo.addons.pan_mail_pro.models.providers.microsoft.graph_client: [Graph API] Using delegated token for sales@test.local to send from mailbox: info@company.test 
2026-09-03 05:07:40,296 1 INFO rehearse odoo.addons.pan_mail_pro.models.providers.microsoft.graph_client: [Graph API] Sending email from info@company.test to ['customer@example.com'] cc [] 
2026-09-03 05:07:40,298 1 INFO rehearse odoo.addons.pan_mail_pro.models.providers.microsoft.graph_client: [Graph API] Created draft - Message-ID: <msg@test>, Conversation-ID: CONV_ID 
2026-09-03 05:07:40,299 1 INFO rehearse odoo.addons.pan_mail_pro.models.providers.microsoft.graph_client: [Graph API] Added attachment 'small.pdf' to draft 
2026-09-03 05:07:40,299 1 INFO rehearse odoo.addons.pan_mail_pro.models.providers.microsoft.graph_client: [Graph API] Successfully sent email <msg@test> 
2026-09-03 05:07:40,310 1 INFO rehearse odoo.addons.pan_mail_pro.models.mail_mail: [Outgoing Mail] Mail 14 sent from info@company.test (message <msg@test>, thread CONV_ID) 
2026-09-03 05:07:40,314 1 INFO rehearse odoo.addons.base.models.ir_attachment: filestore gc 9 checked, 9 removed 
2026-09-03 05:07:40,805 1 INFO rehearse odoo.addons.pan_mail_pro.models.encryption_utils: [Encryption] Generated a new encryption key. Credentials are stored encrypted in the database. 
2026-09-03 05:07:40,820 1 INFO rehearse odoo.addons.pan_mail_pro.models.pan_mail_mailbox: [Mail Pro] SMTP takeover active — all email routes through the provider API 
2026-09-03 05:07:40,893 1 INFO rehearse odoo.addons.mail.tools.mail_validation: The (optional) `flanker` Python module is not installed,so email validation will fallback to email_normalize. 
2026-09-03 05:07:40,915 1 INFO rehearse odoo.addons.pan_mail_pro.tests.test_compose_crm_lead: Starting TestComposeCrmLead.test_bad_template_with_dropdown_still_works ... 
2026-09-03 05:07:41,040 1 INFO rehearse odoo.addons.pan_mail_pro.models.mail_mail: [Outgoing Mail] Processing email 15 
2026-09-03 05:07:41,043 1 INFO rehearse odoo.addons.pan_mail_pro.models.mail_mail: [Outgoing Mail] Sending from info@company.test (credentials: sales@test.local) 
2026-09-03 05:07:41,046 1 INFO rehearse odoo.addons.pan_mail_pro.models.providers.microsoft.graph_client: [Graph API] Using delegated token for sales@test.local to send from mailbox: info@company.test 
2026-09-03 05:07:41,047 1 INFO rehearse odoo.addons.pan_mail_pro.models.providers.microsoft.graph_client: [Graph API] Sending email from info@company.test to ['customer@example.com'] cc [] 
2026-09-03 05:07:41,048 1 INFO rehearse odoo.addons.pan_mail_pro.models.providers.microsoft.graph_client: [Graph API] Created draft - Message-ID: <msg@test>, Conversation-ID: CONV_ID 
2026-09-03 05:07:41,048 1 INFO rehearse odoo.addons.pan_mail_pro.models.providers.microsoft.graph_client: [Graph API] Successfully sent email <msg@test> 
2026-09-03 05:07:41,067 1 INFO rehearse odoo.addons.pan_mail_pro.models.mail_mail: [Outgoing Mail] Mail 15 sent from info@company.test (message <msg@test>, thread CONV_ID) 
2026-09-03 05:07:41,071 1 INFO rehearse odoo.addons.pan_mail_pro.tests.test_compose_crm_lead: Starting TestComposeCrmLead.test_dropdown_override_wins_on_standard_template ... 
2026-09-03 05:07:41,175 1 INFO rehearse odoo.addons.pan_mail_pro.models.mail_mail: [Outgoing Mail] Processing email 16 
2026-09-03 05:07:41,179 1 INFO rehearse odoo.addons.pan_mail_pro.models.mail_mail: [Outgoing Mail] Sending from sales@company.test (credentials: sales@test.local) 
2026-09-03 05:07:41,180 1 INFO rehearse odoo.addons.pan_mail_pro.models.providers.microsoft.graph_client: [Graph API] Using delegated token for sales@test.local to send from mailbox: sales@company.test 
2026-09-03 05:07:41,181 1 INFO rehearse odoo.addons.pan_mail_pro.models.providers.microsoft.graph_client: [Graph API] Sending email from sales@company.test to ['customer@example.com'] cc [] 
2026-09-03 05:07:41,181 1 INFO rehearse odoo.addons.pan_mail_pro.models.providers.microsoft.graph_client: [Graph API] Created draft - Message-ID: <msg@test>, Conversation-ID: CONV_ID 
2026-09-03 05:07:41,182 1 INFO rehearse odoo.addons.pan_mail_pro.models.providers.microsoft.graph_client: [Graph API] Successfully sent email <msg@test> 
2026-09-03 05:07:41,197 1 INFO rehearse odoo.addons.pan_mail_pro.models.mail_mail: [Outgoing Mail] Mail 16 sent from sales@company.test (message <msg@test>, thread CONV_ID) 
2026-09-03 05:07:41,199 1 INFO rehearse odoo.addons.pan_mail_pro.tests.test_compose_crm_lead: Starting TestComposeCrmLead.test_lead_without_salesperson_dropdown_still_wins ... 
2026-09-03 05:07:41,298 1 INFO rehearse odoo.addons.pan_mail_pro.models.mail_mail: [Outgoing Mail] Processing email 17 
2026-09-03 05:07:41,301 1 INFO rehearse odoo.addons.pan_mail_pro.models.mail_mail: [Outgoing Mail] Sending from info@company.test (credentials: sales@test.local) 
2026-09-03 05:07:41,303 1 INFO rehearse odoo.addons.pan_mail_pro.models.providers.microsoft.graph_client: [Graph API] Using delegated token for sales@test.local to send from mailbox: info@company.test 
2026-09-03 05:07:41,303 1 INFO rehearse odoo.addons.pan_mail_pro.models.providers.microsoft.graph_client: [Graph API] Sending email from info@company.test to ['customer@example.com'] cc [] 
2026-09-03 05:07:41,304 1 INFO rehearse odoo.addons.pan_mail_pro.models.providers.microsoft.graph_client: [Graph API] Created draft - Message-ID: <msg@test>, Conversation-ID: CONV_ID 
2026-09-03 05:07:41,304 1 INFO rehearse odoo.addons.pan_mail_pro.models.providers.microsoft.graph_client: [Graph API] Successfully sent email <msg@test> 
2026-09-03 05:07:41,325 1 INFO rehearse odoo.addons.pan_mail_pro.models.mail_mail: [Outgoing Mail] Mail 17 sent from info@company.test (message <msg@test>, thread CONV_ID) 
2026-09-03 05:07:41,328 1 INFO rehearse odoo.addons.pan_mail_pro.tests.test_compose_crm_lead: Starting TestComposeCrmLead.test_standard_template_routes_via_salesperson_default ... 
2026-09-03 05:07:41,431 1 INFO rehearse odoo.addons.pan_mail_pro.models.mail_mail: [Outgoing Mail] Processing email 18 
2026-09-03 05:07:41,435 1 INFO rehearse odoo.addons.pan_mail_pro.models.mail_mail: [Outgoing Mail] Sending from info@company.test (credentials: sales@test.local) 
2026-09-03 05:07:41,437 1 INFO rehearse odoo.addons.pan_mail_pro.models.providers.microsoft.graph_client: [Graph API] Using delegated token for sales@test.local to send from mailbox: info@company.test 
2026-09-03 05:07:41,437 1 INFO rehearse odoo.addons.pan_mail_pro.models.providers.microsoft.graph_client: [Graph API] Sending email from info@company.test to ['customer@example.com'] cc [] 
2026-09-03 05:07:41,438 1 INFO rehearse odoo.addons.pan_mail_pro.models.providers.microsoft.graph_client: [Graph API] Created draft - Message-ID: <msg@test>, Conversation-ID: CONV_ID 
2026-09-03 05:07:41,439 1 INFO rehearse odoo.addons.pan_mail_pro.models.providers.microsoft.graph_client: [Graph API] Successfully sent email <msg@test> 
2026-09-03 05:07:41,462 1 INFO rehearse odoo.addons.pan_mail_pro.models.mail_mail: [Outgoing Mail] Mail 18 sent from info@company.test (message <msg@test>, thread CONV_ID) 
2026-09-03 05:07:41,469 1 INFO rehearse odoo.addons.base.models.ir_attachment: filestore gc 4 checked, 4 removed 
2026-09-03 05:07:42,033 1 INFO rehearse odoo.addons.pan_mail_pro.models.encryption_utils: [Encryption] Generated a new encryption key. Credentials are stored encrypted in the database. 
2026-09-03 05:07:42,048 1 INFO rehearse odoo.addons.pan_mail_pro.models.pan_mail_mailbox: [Mail Pro] SMTP takeover active — all email routes through the provider API 
2026-09-03 05:07:42,099 1 INFO rehearse odoo.addons.pan_mail_pro.tests.test_compose_res_partner: Starting TestComposeResPartner.test_composer_dialog_dropdown_wins ... 
2026-09-03 05:07:42,188 1 INFO rehearse odoo.addons.pan_mail_pro.models.mail_mail: [Outgoing Mail] Processing email 19 
2026-09-03 05:07:42,191 1 INFO rehearse odoo.addons.pan_mail_pro.models.mail_mail: [Outgoing Mail] Sending from sales@company.test (credentials: sales@test.local) 
2026-09-03 05:07:42,193 1 INFO rehearse odoo.addons.pan_mail_pro.models.providers.microsoft.graph_client: [Graph API] Using delegated token for sales@test.local to send from mailbox: sales@company.test 
2026-09-03 05:07:42,194 1 INFO rehearse odoo.addons.pan_mail_pro.models.providers.microsoft.graph_client: [Graph API] Sending email from sales@company.test to ['customer@example.com'] cc [] 
2026-09-03 05:07:42,194 1 INFO rehearse odoo.addons.pan_mail_pro.models.providers.microsoft.graph_client: [Graph API] Created draft - Message-ID: <msg@test>, Conversation-ID: CONV_ID 
2026-09-03 05:07:42,195 1 INFO rehearse odoo.addons.pan_mail_pro.models.providers.microsoft.graph_client: [Graph API] Successfully sent email <msg@test> 
2026-09-03 05:07:42,207 1 INFO rehearse odoo.addons.pan_mail_pro.models.mail_mail: [Outgoing Mail] Mail 19 sent from sales@company.test (message <msg@test>, thread CONV_ID) 
2026-09-03 05:07:42,211 1 INFO rehearse odoo.addons.pan_mail_pro.tests.test_compose_res_partner: Starting TestComposeResPartner.test_inline_chatter_uses_user_default_mailbox ... 
2026-09-03 05:07:42,322 1 INFO rehearse odoo.addons.pan_mail_pro.models.mail_mail: [Outgoing Mail] Processing email 20 
2026-09-03 05:07:42,326 1 INFO rehearse odoo.addons.pan_mail_pro.models.mail_mail: [Outgoing Mail] Sending from info@company.test (credentials: sales@test.local) 
2026-09-03 05:07:42,328 1 INFO rehearse odoo.addons.pan_mail_pro.models.providers.microsoft.graph_client: [Graph API] Using delegated token for sales@test.local to send from mailbox: info@company.test 
2026-09-03 05:07:42,328 1 INFO rehearse odoo.addons.pan_mail_pro.models.providers.microsoft.graph_client: [Graph API] Sending email from info@company.test to ['customer@example.com'] cc [] 
2026-09-03 05:07:42,329 1 INFO rehearse odoo.addons.pan_mail_pro.models.providers.microsoft.graph_client: [Graph API] Created draft - Message-ID: <msg@test>, Conversation-ID: CONV_ID 
2026-09-03 05:07:42,329 1 INFO rehearse odoo.addons.pan_mail_pro.models.providers.microsoft.graph_client: [Graph API] Successfully sent email <msg@test> 
2026-09-03 05:07:42,343 1 INFO rehearse odoo.addons.pan_mail_pro.models.mail_mail: [Outgoing Mail] Mail 20 sent from info@company.test (message <msg@test>, thread CONV_ID) 
2026-09-03 05:07:42,346 1 INFO rehearse odoo.addons.pan_mail_pro.tests.test_compose_res_partner: Starting TestComposeResPartner.test_reply_in_chatter_preserves_dropdown ... 
2026-09-03 05:07:42,460 1 INFO rehearse odoo.addons.pan_mail_pro.models.mail_mail: [Outgoing Mail] Processing email 21 
2026-09-03 05:07:42,463 1 INFO rehearse odoo.addons.pan_mail_pro.models.mail_mail: [Outgoing Mail] Sending from info@company.test (credentials: sales@test.local) 
2026-09-03 05:07:42,465 1 INFO rehearse odoo.addons.pan_mail_pro.models.providers.microsoft.graph_client: [Graph API] Using delegated token for sales@test.local to send from mailbox: info@company.test 
2026-09-03 05:07:42,466 1 INFO rehearse odoo.addons.pan_mail_pro.models.providers.microsoft.graph_client: [Graph API] Sending email from info@company.test to ['customer@example.com'] cc [] 
2026-09-03 05:07:42,467 1 INFO rehearse odoo.addons.pan_mail_pro.models.providers.microsoft.graph_client: [Graph API] Created draft - Message-ID: <msg@test>, Conversation-ID: CONV_ID 
2026-09-03 05:07:42,467 1 INFO rehearse odoo.addons.pan_mail_pro.models.providers.microsoft.graph_client: [Graph API] Successfully sent email <msg@test> 
2026-09-03 05:07:42,487 1 INFO rehearse odoo.addons.pan_mail_pro.models.mail_mail: [Outgoing Mail] Mail 21 sent from info@company.test (message <msg@test>, thread CONV_ID) 
2026-09-03 05:07:42,497 1 INFO rehearse odoo.addons.base.models.ir_attachment: filestore gc 4 checked, 4 removed 
2026-09-03 05:07:42,977 1 INFO rehearse odoo.addons.pan_mail_pro.models.encryption_utils: [Encryption] Generated a new encryption key. Credentials are stored encrypted in the database. 
2026-09-03 05:07:42,993 1 INFO rehearse odoo.addons.pan_mail_pro.models.pan_mail_mailbox: [Mail Pro] SMTP takeover active — all email routes through the provider API 
2026-09-03 05:07:43,113 1 INFO rehearse odoo.addons.pan_mail_pro.tests.test_compose_sale_order: Starting TestComposeSaleOrder.test_dropdown_wins_when_template_email_from_matches_company ... 
2026-09-03 05:07:43,248 1 INFO rehearse odoo.addons.pan_mail_pro.models.mail_mail: [Outgoing Mail] Processing email 22 
2026-09-03 05:07:43,250 1 INFO rehearse odoo.addons.pan_mail_pro.models.mail_mail: [Outgoing Mail] Sending from info@company.test (credentials: sales@test.local) 
2026-09-03 05:07:43,252 1 INFO rehearse odoo.addons.pan_mail_pro.models.providers.microsoft.graph_client: [Graph API] Using delegated token for sales@test.local to send from mailbox: info@company.test 
2026-09-03 05:07:43,253 1 INFO rehearse odoo.addons.pan_mail_pro.models.providers.microsoft.graph_client: [Graph API] Sending email from info@company.test to ['customer@example.com'] cc [] 
2026-09-03 05:07:43,253 1 INFO rehearse odoo.addons.pan_mail_pro.models.providers.microsoft.graph_client: [Graph API] Created draft - Message-ID: <msg@test>, Conversation-ID: CONV_ID 
2026-09-03 05:07:43,254 1 INFO rehearse odoo.addons.pan_mail_pro.models.providers.microsoft.graph_client: [Graph API] Successfully sent email <msg@test> 
2026-09-03 05:07:43,268 1 INFO rehearse odoo.addons.pan_mail_pro.models.mail_mail: [Outgoing Mail] Mail 22 sent from info@company.test (message <msg@test>, thread CONV_ID) 
2026-09-03 05:07:43,272 1 INFO rehearse odoo.addons.pan_mail_pro.tests.test_compose_sale_order: Starting TestComposeSaleOrder.test_explicit_dropdown_overrides_user_default ... 
2026-09-03 05:07:43,390 1 INFO rehearse odoo.addons.pan_mail_pro.models.mail_mail: [Outgoing Mail] Processing email 23 
2026-09-03 05:07:43,393 1 INFO rehearse odoo.addons.pan_mail_pro.models.mail_mail: [Outgoing Mail] Sending from sales@company.test (credentials: sales@test.local) 
2026-09-03 05:07:43,396 1 INFO rehearse odoo.addons.pan_mail_pro.models.providers.microsoft.graph_client: [Graph API] Using delegated token for sales@test.local to send from mailbox: sales@company.test 
2026-09-03 05:07:43,396 1 INFO rehearse odoo.addons.pan_mail_pro.models.providers.microsoft.graph_client: [Graph API] Sending email from sales@company.test to ['customer@example.com'] cc [] 
2026-09-03 05:07:43,397 1 INFO rehearse odoo.addons.pan_mail_pro.models.providers.microsoft.graph_client: [Graph API] Created draft - Message-ID: <msg@test>, Conversation-ID: CONV_ID 
2026-09-03 05:07:43,398 1 INFO rehearse odoo.addons.pan_mail_pro.models.providers.microsoft.graph_client: [Graph API] Successfully sent email <msg@test> 
2026-09-03 05:07:43,418 1 INFO rehearse odoo.addons.pan_mail_pro.models.mail_mail: [Outgoing Mail] Mail 23 sent from sales@company.test (message <msg@test>, thread CONV_ID) 
2026-09-03 05:07:43,421 1 INFO rehearse odoo.addons.pan_mail_pro.tests.test_compose_sale_order: Starting TestComposeSaleOrder.test_no_dropdown_with_bad_template_falls_back_to_notification ... 
2026-09-03 05:07:43,534 1 INFO rehearse odoo.addons.pan_mail_pro.models.mail_mail: [Outgoing Mail] Processing email 24 
2026-09-03 05:07:43,539 1 INFO rehearse odoo.addons.pan_mail_pro.models.providers.microsoft.graph_client: [Graph API] Using delegated token for notif_owner@test.local to send from mailbox: notifications@company.test 
2026-09-03 05:07:43,539 1 INFO rehearse odoo.addons.pan_mail_pro.models.providers.microsoft.graph_client: [Graph API] Sending email from notifications@company.test to ['customer@example.com'] cc [] 
2026-09-03 05:07:43,540 1 INFO rehearse odoo.addons.pan_mail_pro.models.providers.microsoft.graph_client: [Graph API] Created draft - Message-ID: <msg@test>, Conversation-ID: CONV_ID 
2026-09-03 05:07:43,540 1 INFO rehearse odoo.addons.pan_mail_pro.models.providers.microsoft.graph_client: [Graph API] Successfully sent email <msg@test> 
2026-09-03 05:07:43,556 1 INFO rehearse odoo.addons.pan_mail_pro.models.mail_mail: [Outgoing Mail] Mail 24 sent from notifications@company.test (message <msg@test>, thread CONV_ID) 
2026-09-03 05:07:43,559 1 INFO rehearse odoo.addons.pan_mail_pro.tests.test_compose_sale_order: Starting TestComposeSaleOrder.test_no_dropdown_with_user_based_template_uses_salesperson_default ... 
2026-09-03 05:07:43,672 1 INFO rehearse odoo.addons.pan_mail_pro.models.mail_mail: [Outgoing Mail] Processing email 25 
2026-09-03 05:07:43,676 1 INFO rehearse odoo.addons.pan_mail_pro.models.mail_mail: [Outgoing Mail] Sending from info@company.test (credentials: sales@test.local) 
2026-09-03 05:07:43,678 1 INFO rehearse odoo.addons.pan_mail_pro.models.providers.microsoft.graph_client: [Graph API] Using delegated token for sales@test.local to send from mailbox: info@company.test 
2026-09-03 05:07:43,678 1 INFO rehearse odoo.addons.pan_mail_pro.models.providers.microsoft.graph_client: [Graph API] Sending email from info@company.test to ['customer@example.com'] cc [] 
2026-09-03 05:07:43,679 1 INFO rehearse odoo.addons.pan_mail_pro.models.providers.microsoft.graph_client: [Graph API] Created draft - Message-ID: <msg@test>, Conversation-ID: CONV_ID 
2026-09-03 05:07:43,679 1 INFO rehearse odoo.addons.pan_mail_pro.models.providers.microsoft.graph_client: [Graph API] Successfully sent email <msg@test> 
2026-09-03 05:07:43,698 1 INFO rehearse odoo.addons.pan_mail_pro.models.mail_mail: [Outgoing Mail] Mail 25 sent from info@company.test (message <msg@test>, thread CONV_ID) 
2026-09-03 05:07:43,701 1 INFO rehearse odoo.addons.pan_mail_pro.tests.test_compose_sale_order: Starting TestComposeSaleOrder.test_quotation_with_attachment ... 
2026-09-03 05:07:43,822 1 INFO rehearse odoo.addons.pan_mail_pro.models.mail_mail: [Outgoing Mail] Processing email 26 
2026-09-03 05:07:43,824 1 INFO rehearse odoo.addons.pan_mail_pro.models.mail_mail: [Outgoing Mail] Sending from info@company.test (credentials: sales@test.local) 
2026-09-03 05:07:43,826 1 INFO rehearse odoo.addons.pan_mail_pro.models.providers.microsoft.graph_client: [Graph API] Using delegated token for sales@test.local to send from mailbox: info@company.test 
2026-09-03 05:07:43,827 1 INFO rehearse odoo.addons.pan_mail_pro.models.providers.microsoft.graph_client: [Graph API] Sending email from info@company.test to ['customer@example.com'] cc [] 
2026-09-03 05:07:43,828 1 INFO rehearse odoo.addons.pan_mail_pro.models.providers.microsoft.graph_client: [Graph API] Created draft - Message-ID: <msg@test>, Conversation-ID: CONV_ID 
2026-09-03 05:07:43,828 1 INFO rehearse odoo.addons.pan_mail_pro.models.providers.microsoft.graph_client: [Graph API] Added attachment 'Quote.pdf' to draft 
2026-09-03 05:07:43,828 1 INFO rehearse odoo.addons.pan_mail_pro.models.providers.microsoft.graph_client: [Graph API] Successfully sent email <msg@test> 
2026-09-03 05:07:43,845 1 INFO rehearse odoo.addons.pan_mail_pro.models.mail_mail: [Outgoing Mail] Mail 26 sent from info@company.test (message <msg@test>, thread CONV_ID) 
2026-09-03 05:07:43,852 1 INFO rehearse odoo.addons.base.models.ir_attachment: filestore gc 5 checked, 5 removed 
2026-09-03 05:07:44,033 1 INFO rehearse odoo.addons.pan_mail_pro.models.mail_mail: [Outgoing Mail] No mailboxes configured — using Odoo's standard mail handling 
2026-09-03 05:07:44,038 1 INFO rehearse odoo.addons.auth_signup.models.res_users: Signup email sent for user <gmail_user@test.local> to <gmail_user@test.local> 
2026-09-03 05:07:44,046 1 INFO rehearse odoo.addons.pan_mail_pro.tests.test_google_provider: Starting TestGoogleProvider.test_a_first_sync_does_not_page_the_whole_mailbox ... 
2026-09-03 05:07:44,052 1 INFO rehearse odoo.addons.pan_mail_pro.models.encryption_utils: [Encryption] Generated a new encryption key. Credentials are stored encrypted in the database. 
2026-09-03 05:07:44,055 1 INFO rehearse odoo.addons.pan_mail_pro.tests.test_google_provider: Starting TestGoogleProvider.test_account_for_user_finds_the_gmail_account ... 
2026-09-03 05:07:44,061 1 INFO rehearse odoo.addons.pan_mail_pro.tests.test_google_provider: Starting TestGoogleProvider.test_authorization_url_requests_offline_consent_and_gmail_scopes ... 
2026-09-03 05:07:44,063 1 INFO rehearse odoo.addons.pan_mail_pro.tests.test_google_provider: Starting TestGoogleProvider.test_connect_stores_state_and_returns_consent_url ... 
2026-09-03 05:07:44,065 1 INFO rehearse odoo.addons.pan_mail_pro.tests.test_google_provider: Starting TestGoogleProvider.test_disconnect_google_clears_the_account ... 
2026-09-03 05:07:44,073 1 INFO rehearse odoo.addons.pan_mail_pro.models.encryption_utils: [Encryption] Generated a new encryption key. Credentials are stored encrypted in the database. 
2026-09-03 05:07:44,084 1 INFO rehearse odoo.addons.pan_mail_pro.tests.test_google_provider: Starting TestGoogleProvider.test_exchange_code_returns_tokens ... 
2026-09-03 05:07:44,088 1 INFO rehearse odoo.addons.pan_mail_pro.tests.test_google_provider: Starting TestGoogleProvider.test_fetched_messages_are_folder_mapped_and_sorted_ascending ... 
2026-09-03 05:07:44,100 1 INFO rehearse odoo.addons.pan_mail_pro.models.pan_mail_mailbox: [Mail Pro] SMTP takeover active — all email routes through the provider API 
2026-09-03 05:07:44,105 1 INFO rehearse odoo.addons.pan_mail_pro.models.encryption_utils: [Encryption] Generated a new encryption key. Credentials are stored encrypted in the database. 
2026-09-03 05:07:44,108 1 INFO rehearse odoo.addons.pan_mail_pro.tests.test_google_provider: Starting TestGoogleProvider.test_get_attachments_handles_inline_and_regular ... 
2026-09-03 05:07:44,118 1 INFO rehearse odoo.addons.pan_mail_pro.models.pan_mail_mailbox: [Mail Pro] SMTP takeover active — all email routes through the provider API 
2026-09-03 05:07:44,122 1 INFO rehearse odoo.addons.pan_mail_pro.models.encryption_utils: [Encryption] Generated a new encryption key. Credentials are stored encrypted in the database. 
2026-09-03 05:07:44,125 1 INFO rehearse odoo.addons.pan_mail_pro.tests.test_google_provider: Starting TestGoogleProvider.test_get_valid_token_refreshes_when_expired ... 
2026-09-03 05:07:44,131 1 INFO rehearse odoo.addons.pan_mail_pro.models.encryption_utils: [Encryption] Generated a new encryption key. Credentials are stored encrypted in the database. 
2026-09-03 05:07:44,133 1 INFO rehearse odoo.addons.pan_mail_pro.models.providers.google.gmail_client: [Gmail API] Token expired for gmail_user@test.local, refreshing... 
2026-09-03 05:07:44,137 1 INFO rehearse odoo.addons.pan_mail_pro.tests.test_google_provider: Starting TestGoogleProvider.test_get_valid_token_returns_live_token_without_refresh ... 
2026-09-03 05:07:44,142 1 INFO rehearse odoo.addons.pan_mail_pro.models.encryption_utils: [Encryption] Generated a new encryption key. Credentials are stored encrypted in the database. 
2026-09-03 05:07:44,144 1 INFO rehearse odoo.addons.pan_mail_pro.tests.test_google_provider: Starting TestGoogleProvider.test_gmail_mailbox_dispatches_to_the_gmail_client ... 
2026-09-03 05:07:44,153 1 INFO rehearse odoo.addons.pan_mail_pro.models.pan_mail_mailbox: [Mail Pro] SMTP takeover active — all email routes through the provider API 
2026-09-03 05:07:44,154 1 INFO rehearse odoo.addons.pan_mail_pro.tests.test_google_provider: Starting TestGoogleProvider.test_gmail_supports_the_three_types_but_not_send_as ... 
2026-09-03 05:07:44,155 1 INFO rehearse odoo.addons.pan_mail_pro.tests.test_google_provider: Starting TestGoogleProvider.test_google_credentials_make_the_user_connected ... 
2026-09-03 05:07:44,161 1 INFO rehearse odoo.addons.pan_mail_pro.models.encryption_utils: [Encryption] Generated a new encryption key. Credentials are stored encrypted in the database. 
2026-09-03 05:07:44,164 1 INFO rehearse odoo.addons.pan_mail_pro.tests.test_google_provider: Starting TestGoogleProvider.test_invalid_grant_tells_the_user_to_reconnect ... 
2026-09-03 05:07:44,168 1 INFO rehearse odoo.addons.pan_mail_pro.models.encryption_utils: [Encryption] Generated a new encryption key. Credentials are stored encrypted in the database. 
2026-09-03 05:07:44,173 1 INFO rehearse odoo.addons.pan_mail_pro.models.providers.google.gmail_client: [Gmail API] Token expired for gmail_user@test.local, refreshing... 
2026-09-03 05:07:44,174 1 WARNING rehearse odoo.addons.pan_mail_pro.models.providers.google.gmail_client: [Gmail API] Permanent token failure for gmail_user@test.local, clearing tokens 
2026-09-03 05:07:44,180 1 INFO rehearse odoo.addons.pan_mail_pro.tests.test_google_provider: Starting TestGoogleProvider.test_list_stops_when_gmail_runs_out_of_pages ... 
2026-09-03 05:07:44,185 1 INFO rehearse odoo.addons.pan_mail_pro.models.encryption_utils: [Encryption] Generated a new encryption key. Credentials are stored encrypted in the database. 
2026-09-03 05:07:44,187 1 INFO rehearse odoo.addons.pan_mail_pro.tests.test_google_provider: Starting TestGoogleProvider.test_list_takes_the_oldest_of_a_backlog_and_not_the_newest ... 
2026-09-03 05:07:44,192 1 INFO rehearse odoo.addons.pan_mail_pro.models.encryption_utils: [Encryption] Generated a new encryption key. Credentials are stored encrypted in the database. 
2026-09-03 05:07:44,194 1 INFO rehearse odoo.addons.pan_mail_pro.tests.test_google_provider: Starting TestGoogleProvider.test_normalize_falls_back_to_plain_text ... 
2026-09-03 05:07:44,195 1 INFO rehearse odoo.addons.pan_mail_pro.tests.test_google_provider: Starting TestGoogleProvider.test_normalize_maps_gmail_into_the_neutral_shape ... 
2026-09-03 05:07:44,196 1 INFO rehearse odoo.addons.pan_mail_pro.tests.test_google_provider: Starting TestGoogleProvider.test_normalize_prefers_html_over_plain ... 
2026-09-03 05:07:44,198 1 INFO rehearse odoo.addons.pan_mail_pro.tests.test_google_provider: Starting TestGoogleProvider.test_personal_mailbox_sends_with_the_owner_account ... 
2026-09-03 05:07:44,203 1 INFO rehearse odoo.addons.pan_mail_pro.models.encryption_utils: [Encryption] Generated a new encryption key. Credentials are stored encrypted in the database. 
2026-09-03 05:07:44,211 1 INFO rehearse odoo.addons.pan_mail_pro.models.pan_mail_mailbox: [Mail Pro] SMTP takeover active — all email routes through the provider API 
2026-09-03 05:07:44,214 1 INFO rehearse odoo.addons.pan_mail_pro.tests.test_google_provider: Starting TestGoogleProvider.test_send_attaches_files ... 
2026-09-03 05:07:44,225 1 INFO rehearse odoo.addons.pan_mail_pro.models.pan_mail_mailbox: [Mail Pro] SMTP takeover active — all email routes through the provider API 
2026-09-03 05:07:44,229 1 INFO rehearse odoo.addons.pan_mail_pro.models.encryption_utils: [Encryption] Generated a new encryption key. Credentials are stored encrypted in the database. 
2026-09-03 05:07:44,260 1 INFO rehearse odoo.addons.pan_mail_pro.tests.test_google_provider: Starting TestGoogleProvider.test_send_builds_message_and_returns_ids ... 
2026-09-03 05:07:44,271 1 INFO rehearse odoo.addons.pan_mail_pro.models.pan_mail_mailbox: [Mail Pro] SMTP takeover active — all email routes through the provider API 
2026-09-03 05:07:44,275 1 INFO rehearse odoo.addons.pan_mail_pro.models.encryption_utils: [Encryption] Generated a new encryption key. Credentials are stored encrypted in the database. 
2026-09-03 05:07:44,294 1 INFO rehearse odoo.addons.pan_mail_pro.tests.test_google_provider: Starting TestGoogleProvider.test_send_collects_recipients_from_partners_and_cc ... 
2026-09-03 05:07:44,304 1 INFO rehearse odoo.addons.pan_mail_pro.models.pan_mail_mailbox: [Mail Pro] SMTP takeover active — all email routes through the provider API 
2026-09-03 05:07:44,308 1 INFO rehearse odoo.addons.pan_mail_pro.models.encryption_utils: [Encryption] Generated a new encryption key. Credentials are stored encrypted in the database. 
2026-09-03 05:07:44,361 1 INFO rehearse odoo.addons.pan_mail_pro.tests.test_google_provider: Starting TestGoogleProvider.test_send_sets_the_odoo_loop_guard_headers ... 
2026-09-03 05:07:44,370 1 INFO rehearse odoo.addons.pan_mail_pro.models.pan_mail_mailbox: [Mail Pro] SMTP takeover active — all email routes through the provider API 
2026-09-03 05:07:44,373 1 INFO rehearse odoo.addons.pan_mail_pro.models.encryption_utils: [Encryption] Generated a new encryption key. Credentials are stored encrypted in the database. 
2026-09-03 05:07:44,422 1 INFO rehearse odoo.addons.pan_mail_pro.tests.test_google_provider: Starting TestGoogleProvider.test_send_without_recipients_is_a_no_recipients_error ... 
2026-09-03 05:07:44,431 1 INFO rehearse odoo.addons.pan_mail_pro.models.pan_mail_mailbox: [Mail Pro] SMTP takeover active — all email routes through the provider API 
2026-09-03 05:07:44,435 1 INFO rehearse odoo.addons.pan_mail_pro.models.encryption_utils: [Encryption] Generated a new encryption key. Credentials are stored encrypted in the database. 
2026-09-03 05:07:44,446 1 INFO rehearse odoo.addons.pan_mail_pro.tests.test_google_provider: Starting TestGoogleProvider.test_shared_mailbox_sends_with_a_service_account ... 
2026-09-03 05:07:44,454 1 INFO rehearse odoo.addons.pan_mail_pro.models.pan_mail_mailbox: [Mail Pro] SMTP takeover active — all email routes through the provider API 
2026-09-03 05:07:44,457 1 INFO rehearse odoo.addons.pan_mail_pro.models.encryption_utils: [Encryption] Generated a new encryption key. Credentials are stored encrypted in the database. 
2026-09-03 05:07:44,461 1 INFO rehearse odoo.addons.pan_mail_pro.tests.test_google_provider: Starting TestGoogleProvider.test_store_tokens_creates_then_updates_one_account ... 
2026-09-03 05:07:44,466 1 INFO rehearse odoo.addons.pan_mail_pro.models.encryption_utils: [Encryption] Generated a new encryption key. Credentials are stored encrypted in the database. 
2026-09-03 05:07:44,471 1 INFO rehearse odoo.addons.pan_mail_pro.tests.test_google_provider: Starting TestGoogleProvider.test_transient_refresh_error_is_not_a_reconnect_prompt ... 
2026-09-03 05:07:44,476 1 INFO rehearse odoo.addons.pan_mail_pro.models.encryption_utils: [Encryption] Generated a new encryption key. Credentials are stored encrypted in the database. 
2026-09-03 05:07:44,480 1 INFO rehearse odoo.addons.pan_mail_pro.models.providers.google.gmail_client: [Gmail API] Token expired for gmail_user@test.local, refreshing... 
2026-09-03 05:07:44,486 1 INFO rehearse odoo.addons.pan_mail_pro.tests.test_google_provider: Starting TestGoogleProvider.test_user_can_hold_microsoft_and_google_accounts ... 
2026-09-03 05:07:44,492 1 INFO rehearse odoo.addons.base.models.ir_attachment: filestore gc 2 checked, 2 removed 
2026-09-03 05:07:44,660 1 INFO rehearse odoo.addons.pan_mail_pro.models.mail_mail: [Outgoing Mail] No mailboxes configured — using Odoo's standard mail handling 
2026-09-03 05:07:44,665 1 INFO rehearse odoo.addons.auth_signup.models.res_users: Signup email sent for user <gmail_only@test.local> to <gmail_only@test.local> 
2026-09-03 05:07:44,674 1 INFO rehearse odoo.addons.pan_mail_pro.models.encryption_utils: [Encryption] Generated a new encryption key. Credentials are stored encrypted in the database. 
2026-09-03 05:07:44,684 1 INFO rehearse odoo.addons.pan_mail_pro.models.pan_mail_mailbox: [Mail Pro] SMTP takeover active — all email routes through the provider API 
2026-09-03 05:07:44,684 1 INFO rehearse odoo.addons.pan_mail_pro.tests.test_google_provider: Starting TestGmailMailboxIsUsableEndToEnd.test_connecting_later_makes_the_mailbox_syncable ... 
2026-09-03 05:07:44,693 1 INFO rehearse odoo.addons.pan_mail_pro.tests.test_google_provider: Starting TestGmailMailboxIsUsableEndToEnd.test_gmail_mailbox_is_picked_up_by_the_sync_cron ... 
2026-09-03 05:07:44,700 1 INFO rehearse odoo.addons.pan_mail_pro.tests.test_google_provider: Starting TestGmailMailboxIsUsableEndToEnd.test_gmail_mailbox_with_connected_owner_is_healthy ... 
2026-09-03 05:07:44,706 1 INFO rehearse odoo.addons.pan_mail_pro.tests.test_google_provider: Starting TestGmailMailboxIsUsableEndToEnd.test_gmail_mailbox_without_credentials_is_an_error ... 
2026-09-03 05:07:44,712 1 INFO rehearse odoo.addons.pan_mail_pro.tests.test_google_provider: Starting TestGmailMailboxIsUsableEndToEnd.test_gmail_user_sends_from_their_default_mailbox ... 
2026-09-03 05:07:44,732 1 INFO rehearse odoo.addons.pan_mail_pro.models.mail_mail: [Outgoing Mail] Sending from gmail_only@test.local (credentials: gmail_only@test.local) 
2026-09-03 05:07:44,733 1 INFO rehearse odoo.addons.pan_mail_pro.tests.test_google_provider: Starting TestGmailMailboxIsUsableEndToEnd.test_missing_credentials_error_names_the_right_provider ... 
2026-09-03 05:07:44,757 1 INFO rehearse odoo.addons.pan_mail_pro.tests.test_google_provider: Starting TestGmailMailboxIsUsableEndToEnd.test_shared_gmail_default_mailbox_sends_as_the_service_account ... 
2026-09-03 05:07:44,777 1 INFO rehearse odoo.addons.pan_mail_pro.models.mail_mail: [Outgoing Mail] Sending from sales@test.local (credentials: sales@test.local) 
2026-09-03 05:07:44,778 1 INFO rehearse odoo.addons.pan_mail_pro.tests.test_google_provider: Starting TestGmailMailboxIsUsableEndToEnd.test_shared_gmail_mailbox_is_configurable_before_it_is_authorized ... 
2026-09-03 05:07:44,785 1 INFO rehearse odoo.addons.pan_mail_pro.tests.test_google_provider: Starting TestGmailMailboxIsUsableEndToEnd.test_shared_gmail_mailbox_is_healthy_on_its_service_account ... 
2026-09-03 05:07:44,796 1 INFO rehearse odoo.addons.pan_mail_pro.tests.test_google_provider: Starting TestGmailMailboxIsUsableEndToEnd.test_shared_microsoft_mailbox_still_requires_an_owner ... 
2026-09-03 05:07:44,808 1 INFO rehearse odoo.addons.base.models.ir_attachment: filestore gc 1 checked, 1 removed 
2026-09-03 05:07:45,021 1 INFO rehearse odoo.addons.pan_mail_pro.models.mail_mail: [Outgoing Mail] No mailboxes configured — using Odoo's standard mail handling 
2026-09-03 05:07:45,026 1 INFO rehearse odoo.addons.auth_signup.models.res_users: Signup email sent for user <imap_user@test.local> to <imap_user@test.local> 
2026-09-03 05:07:45,033 1 INFO rehearse odoo.addons.pan_mail_pro.tests.test_imap_provider: Starting TestImapProvider.test_a_busy_day_of_slack_does_not_empty_the_batch ... 
2026-09-03 05:07:45,038 1 INFO rehearse odoo.addons.pan_mail_pro.models.encryption_utils: [Encryption] Generated a new encryption key. Credentials are stored encrypted in the database. 
2026-09-03 05:07:45,046 1 INFO rehearse odoo.addons.pan_mail_pro.models.pan_mail_mailbox: [Mail Pro] SMTP takeover active — all email routes through the provider API 
2026-09-03 05:07:45,080 1 INFO rehearse odoo.addons.pan_mail_pro.tests.test_imap_provider: Starting TestImapProvider.test_a_connected_imap_account_makes_a_selectable_owner ... 
2026-09-03 05:07:45,087 1 INFO rehearse odoo.addons.pan_mail_pro.models.encryption_utils: [Encryption] Generated a new encryption key. Credentials are stored encrypted in the database. 
2026-09-03 05:07:45,089 1 INFO rehearse odoo.addons.pan_mail_pro.tests.test_imap_provider: Starting TestImapProvider.test_a_failed_probe_still_files_the_copy ... 
2026-09-03 05:07:45,095 1 INFO rehearse odoo.addons.pan_mail_pro.models.encryption_utils: [Encryption] Generated a new encryption key. Credentials are stored encrypted in the database. 
2026-09-03 05:07:45,103 1 INFO rehearse odoo.addons.pan_mail_pro.models.pan_mail_mailbox: [Mail Pro] SMTP takeover active — all email routes through the provider API 
2026-09-03 05:07:45,176 1 INFO rehearse odoo.addons.pan_mail_pro.tests.test_imap_provider: Starting TestImapProvider.test_a_failing_sent_copy_does_not_fail_the_send ... 
2026-09-03 05:07:45,182 1 INFO rehearse odoo.addons.pan_mail_pro.models.encryption_utils: [Encryption] Generated a new encryption key. Credentials are stored encrypted in the database. 
2026-09-03 05:07:45,191 1 INFO rehearse odoo.addons.pan_mail_pro.models.pan_mail_mailbox: [Mail Pro] SMTP takeover active — all email routes through the provider API 
2026-09-03 05:07:45,263 1 WARNING rehearse odoo.addons.pan_mail_pro.models.providers.imap_smtp.imap_client: [IMAP] Could not file sent copy for info@company.test: Could not connect to IMAP server imap.soverin.net: imap down 
2026-09-03 05:07:45,264 1 INFO rehearse odoo.addons.pan_mail_pro.tests.test_imap_provider: Starting TestImapProvider.test_a_padded_day_narrows_the_cursor_like_any_other ... 
2026-09-03 05:07:45,270 1 INFO rehearse odoo.addons.pan_mail_pro.models.encryption_utils: [Encryption] Generated a new encryption key. Credentials are stored encrypted in the database. 
2026-09-03 05:07:45,277 1 INFO rehearse odoo.addons.pan_mail_pro.models.pan_mail_mailbox: [Mail Pro] SMTP takeover active — all email routes through the provider API 
2026-09-03 05:07:45,311 1 INFO rehearse odoo.addons.pan_mail_pro.tests.test_imap_provider: Starting TestImapProvider.test_a_reply_keeps_the_threads_key ... 
2026-09-03 05:07:45,316 1 INFO rehearse odoo.addons.pan_mail_pro.models.encryption_utils: [Encryption] Generated a new encryption key. Credentials are stored encrypted in the database. 
2026-09-03 05:07:45,324 1 INFO rehearse odoo.addons.pan_mail_pro.models.pan_mail_mailbox: [Mail Pro] SMTP takeover active — all email routes through the provider API 
2026-09-03 05:07:45,394 1 INFO rehearse odoo.addons.pan_mail_pro.tests.test_imap_provider: Starting TestImapProvider.test_a_server_advertising_no_limit_is_left_alone ... 
2026-09-03 05:07:45,400 1 INFO rehearse odoo.addons.pan_mail_pro.models.encryption_utils: [Encryption] Generated a new encryption key. Credentials are stored encrypted in the database. 
2026-09-03 05:07:45,408 1 INFO rehearse odoo.addons.pan_mail_pro.models.pan_mail_mailbox: [Mail Pro] SMTP takeover active — all email routes through the provider API 
2026-09-03 05:07:45,481 1 INFO rehearse odoo.addons.pan_mail_pro.tests.test_imap_provider: Starting TestImapProvider.test_account_resolves_by_address_for_send_and_receive ... 
2026-09-03 05:07:45,488 1 INFO rehearse odoo.addons.pan_mail_pro.models.encryption_utils: [Encryption] Generated a new encryption key. Credentials are stored encrypted in the database. 
2026-09-03 05:07:45,496 1 INFO rehearse odoo.addons.pan_mail_pro.models.pan_mail_mailbox: [Mail Pro] SMTP takeover active — all email routes through the provider API 
2026-09-03 05:07:45,498 1 INFO rehearse odoo.addons.pan_mail_pro.tests.test_imap_provider: Starting TestImapProvider.test_attachment_failure_returns_empty_rather_than_raising ... 
2026-09-03 05:07:45,503 1 INFO rehearse odoo.addons.pan_mail_pro.models.encryption_utils: [Encryption] Generated a new encryption key. Credentials are stored encrypted in the database. 
2026-09-03 05:07:45,510 1 INFO rehearse odoo.addons.pan_mail_pro.models.pan_mail_mailbox: [Mail Pro] SMTP takeover active — all email routes through the provider API 
2026-09-03 05:07:45,543 1 WARNING rehearse odoo.addons.pan_mail_pro.models.providers.imap_smtp.imap_client: [IMAP] Could not fetch attachments for inbox:42:7: Could not connect to IMAP server imap.soverin.net: imap down 
2026-09-03 05:07:45,544 1 INFO rehearse odoo.addons.pan_mail_pro.tests.test_imap_provider: Starting TestImapProvider.test_attachments_are_normalized_inline_and_regular ... 
2026-09-03 05:07:45,550 1 INFO rehearse odoo.addons.pan_mail_pro.models.encryption_utils: [Encryption] Generated a new encryption key. Credentials are stored encrypted in the database. 
2026-09-03 05:07:45,557 1 INFO rehearse odoo.addons.pan_mail_pro.models.pan_mail_mailbox: [Mail Pro] SMTP takeover active — all email routes through the provider API 
2026-09-03 05:07:45,621 1 INFO rehearse odoo.addons.pan_mail_pro.tests.test_imap_provider: Starting TestImapProvider.test_backlog_is_walked_oldest_first ... 
2026-09-03 05:07:45,627 1 INFO rehearse odoo.addons.pan_mail_pro.models.encryption_utils: [Encryption] Generated a new encryption key. Credentials are stored encrypted in the database. 
2026-09-03 05:07:45,636 1 INFO rehearse odoo.addons.pan_mail_pro.models.pan_mail_mailbox: [Mail Pro] SMTP takeover active — all email routes through the provider API 
2026-09-03 05:07:45,672 1 INFO rehearse odoo.addons.pan_mail_pro.tests.test_imap_provider: Starting TestImapProvider.test_connected_means_password_not_refresh_token ... 
2026-09-03 05:07:45,678 1 INFO rehearse odoo.addons.pan_mail_pro.models.encryption_utils: [Encryption] Generated a new encryption key. Credentials are stored encrypted in the database. 
2026-09-03 05:07:45,680 1 INFO rehearse odoo.addons.pan_mail_pro.tests.test_imap_provider: Starting TestImapProvider.test_connected_requires_both_halves ... 
2026-09-03 05:07:45,684 1 INFO rehearse odoo.addons.pan_mail_pro.models.encryption_utils: [Encryption] Generated a new encryption key. Credentials are stored encrypted in the database. 
2026-09-03 05:07:45,686 1 INFO rehearse odoo.addons.pan_mail_pro.tests.test_imap_provider: Starting TestImapProvider.test_entering_credentials_makes_the_mailbox_syncable ... 
2026-09-03 05:07:45,719 1 INFO rehearse odoo.addons.pan_mail_pro.models.pan_mail_mailbox: [Mail Pro] SMTP takeover active — all email routes through the provider API 
2026-09-03 05:07:45,726 1 INFO rehearse odoo.addons.pan_mail_pro.models.encryption_utils: [Encryption] Generated a new encryption key. Credentials are stored encrypted in the database. 
2026-09-03 05:07:45,728 1 INFO rehearse odoo.addons.pan_mail_pro.tests.test_imap_provider: Starting TestImapProvider.test_fetch_normalizes_and_sorts_oldest_first ... 
2026-09-03 05:07:45,733 1 INFO rehearse odoo.addons.pan_mail_pro.models.encryption_utils: [Encryption] Generated a new encryption key. Credentials are stored encrypted in the database. 
2026-09-03 05:07:45,741 1 INFO rehearse odoo.addons.pan_mail_pro.models.pan_mail_mailbox: [Mail Pro] SMTP takeover active — all email routes through the provider API 
2026-09-03 05:07:45,776 1 INFO rehearse odoo.addons.pan_mail_pro.tests.test_imap_provider: Starting TestImapProvider.test_fetch_reads_the_inbox_and_the_servers_own_sent_folder ... 
2026-09-03 05:07:45,782 1 INFO rehearse odoo.addons.pan_mail_pro.models.encryption_utils: [Encryption] Generated a new encryption key. Credentials are stored encrypted in the database. 
2026-09-03 05:07:45,790 1 INFO rehearse odoo.addons.pan_mail_pro.models.pan_mail_mailbox: [Mail Pro] SMTP takeover active — all email routes through the provider API 
2026-09-03 05:07:45,873 1 INFO rehearse odoo.addons.pan_mail_pro.tests.test_imap_provider: Starting TestImapProvider.test_headers_are_lowercased_for_the_loop_guard ... 
2026-09-03 05:07:45,879 1 INFO rehearse odoo.addons.pan_mail_pro.models.encryption_utils: [Encryption] Generated a new encryption key. Credentials are stored encrypted in the database. 
2026-09-03 05:07:45,887 1 INFO rehearse odoo.addons.pan_mail_pro.models.pan_mail_mailbox: [Mail Pro] SMTP takeover active — all email routes through the provider API 
2026-09-03 05:07:45,917 1 INFO rehearse odoo.addons.pan_mail_pro.tests.test_imap_provider: Starting TestImapProvider.test_imap_mailbox_dispatches_to_the_imap_client ... 
2026-09-03 05:07:45,927 1 INFO rehearse odoo.addons.pan_mail_pro.models.pan_mail_mailbox: [Mail Pro] SMTP takeover active — all email routes through the provider API 
2026-09-03 05:07:45,927 1 INFO rehearse odoo.addons.pan_mail_pro.tests.test_imap_provider: Starting TestImapProvider.test_imap_services_every_mailbox_type_but_lends_no_token ... 
2026-09-03 05:07:45,928 1 INFO rehearse odoo.addons.pan_mail_pro.tests.test_imap_provider: Starting TestImapProvider.test_incomplete_credentials_are_refused_before_dialling ... 
2026-09-03 05:07:45,933 1 INFO rehearse odoo.addons.pan_mail_pro.models.encryption_utils: [Encryption] Generated a new encryption key. Credentials are stored encrypted in the database. 
2026-09-03 05:07:45,939 1 INFO rehearse odoo.addons.pan_mail_pro.tests.test_imap_provider: Starting TestImapProvider.test_message_reference_carries_folder_and_uidvalidity ... 
2026-09-03 05:07:45,943 1 INFO rehearse odoo.addons.pan_mail_pro.models.encryption_utils: [Encryption] Generated a new encryption key. Credentials are stored encrypted in the database. 
2026-09-03 05:07:45,951 1 INFO rehearse odoo.addons.pan_mail_pro.models.pan_mail_mailbox: [Mail Pro] SMTP takeover active — all email routes through the provider API 
2026-09-03 05:07:46,014 1 INFO rehearse odoo.addons.pan_mail_pro.tests.test_imap_provider: Starting TestImapProvider.test_no_cursor_means_no_date_probe ... 
2026-09-03 05:07:46,020 1 INFO rehearse odoo.addons.pan_mail_pro.models.encryption_utils: [Encryption] Generated a new encryption key. Credentials are stored encrypted in the database. 
2026-09-03 05:07:46,028 1 INFO rehearse odoo.addons.pan_mail_pro.models.pan_mail_mailbox: [Mail Pro] SMTP takeover active — all email routes through the provider API 
2026-09-03 05:07:46,062 1 INFO rehearse odoo.addons.pan_mail_pro.tests.test_imap_provider: Starting TestImapProvider.test_oauth_methods_refuse_in_the_contracts_terms ... 
2026-09-03 05:07:46,068 1 INFO rehearse odoo.addons.pan_mail_pro.models.encryption_utils: [Encryption] Generated a new encryption key. Credentials are stored encrypted in the database. 
2026-09-03 05:07:46,075 1 INFO rehearse odoo.addons.pan_mail_pro.tests.test_imap_provider: Starting TestImapProvider.test_oversize_mail_is_refused_before_data ... 
2026-09-03 05:07:46,080 1 INFO rehearse odoo.addons.pan_mail_pro.models.encryption_utils: [Encryption] Generated a new encryption key. Credentials are stored encrypted in the database. 
2026-09-03 05:07:46,087 1 INFO rehearse odoo.addons.pan_mail_pro.models.pan_mail_mailbox: [Mail Pro] SMTP takeover active — all email routes through the provider API 
2026-09-03 05:07:46,132 1 INFO rehearse odoo.addons.pan_mail_pro.tests.test_imap_provider: Starting TestImapProvider.test_password_is_encrypted_at_rest ... 
2026-09-03 05:07:46,137 1 INFO rehearse odoo.addons.pan_mail_pro.models.encryption_utils: [Encryption] Generated a new encryption key. Credentials are stored encrypted in the database. 
2026-09-03 05:07:46,141 1 INFO rehearse odoo.addons.pan_mail_pro.tests.test_imap_provider: Starting TestImapProvider.test_personal_mailbox_falls_back_to_the_owners_account ... 
2026-09-03 05:07:46,146 1 INFO rehearse odoo.addons.pan_mail_pro.models.encryption_utils: [Encryption] Generated a new encryption key. Credentials are stored encrypted in the database. 
2026-09-03 05:07:46,154 1 INFO rehearse odoo.addons.pan_mail_pro.models.pan_mail_mailbox: [Mail Pro] SMTP takeover active — all email routes through the provider API 
2026-09-03 05:07:46,156 1 INFO rehearse odoo.addons.pan_mail_pro.tests.test_imap_provider: Starting TestImapProvider.test_plain_text_mail_is_not_marked_html ... 
2026-09-03 05:07:46,160 1 INFO rehearse odoo.addons.pan_mail_pro.models.encryption_utils: [Encryption] Generated a new encryption key. Credentials are stored encrypted in the database. 
2026-09-03 05:07:46,168 1 INFO rehearse odoo.addons.pan_mail_pro.models.pan_mail_mailbox: [Mail Pro] SMTP takeover active — all email routes through the provider API 
2026-09-03 05:07:46,198 1 INFO rehearse odoo.addons.pan_mail_pro.tests.test_imap_provider: Starting TestImapProvider.test_renumbered_folder_is_refused_rather_than_misread ... 
2026-09-03 05:07:46,205 1 INFO rehearse odoo.addons.pan_mail_pro.models.encryption_utils: [Encryption] Generated a new encryption key. Credentials are stored encrypted in the database. 
2026-09-03 05:07:46,212 1 INFO rehearse odoo.addons.pan_mail_pro.models.pan_mail_mailbox: [Mail Pro] SMTP takeover active — all email routes through the provider API 
2026-09-03 05:07:46,264 1 INFO rehearse odoo.addons.pan_mail_pro.tests.test_imap_provider: Starting TestImapProvider.test_search_since_is_widened_and_then_filtered_exactly ... 
2026-09-03 05:07:46,270 1 INFO rehearse odoo.addons.pan_mail_pro.models.encryption_utils: [Encryption] Generated a new encryption key. Credentials are stored encrypted in the database. 
2026-09-03 05:07:46,279 1 INFO rehearse odoo.addons.pan_mail_pro.models.pan_mail_mailbox: [Mail Pro] SMTP takeover active — all email routes through the provider API 
2026-09-03 05:07:46,314 1 INFO rehearse odoo.addons.pan_mail_pro.tests.test_imap_provider: Starting TestImapProvider.test_send_builds_the_message_and_files_a_copy_in_sent ... 
2026-09-03 05:07:46,320 1 INFO rehearse odoo.addons.pan_mail_pro.models.encryption_utils: [Encryption] Generated a new encryption key. Credentials are stored encrypted in the database. 
2026-09-03 05:07:46,341 1 INFO rehearse odoo.addons.pan_mail_pro.models.pan_mail_mailbox: [Mail Pro] SMTP takeover active — all email routes through the provider API 
2026-09-03 05:07:46,409 1 INFO rehearse odoo.addons.pan_mail_pro.tests.test_imap_provider: Starting TestImapProvider.test_send_puts_cc_on_the_envelope ... 
2026-09-03 05:07:46,416 1 INFO rehearse odoo.addons.pan_mail_pro.models.encryption_utils: [Encryption] Generated a new encryption key. Credentials are stored encrypted in the database. 
2026-09-03 05:07:46,423 1 INFO rehearse odoo.addons.pan_mail_pro.models.pan_mail_mailbox: [Mail Pro] SMTP takeover active — all email routes through the provider API 
2026-09-03 05:07:46,546 1 INFO rehearse odoo.addons.pan_mail_pro.tests.test_imap_provider: Starting TestImapProvider.test_send_sets_the_odoo_loop_guard_headers ... 
2026-09-03 05:07:46,552 1 INFO rehearse odoo.addons.pan_mail_pro.models.encryption_utils: [Encryption] Generated a new encryption key. Credentials are stored encrypted in the database. 
2026-09-03 05:07:46,559 1 INFO rehearse odoo.addons.pan_mail_pro.models.pan_mail_mailbox: [Mail Pro] SMTP takeover active — all email routes through the provider API 
2026-09-03 05:07:46,658 1 INFO rehearse odoo.addons.pan_mail_pro.tests.test_imap_provider: Starting TestImapProvider.test_send_without_recipients_is_a_no_recipients_error ... 
2026-09-03 05:07:46,664 1 INFO rehearse odoo.addons.pan_mail_pro.models.encryption_utils: [Encryption] Generated a new encryption key. Credentials are stored encrypted in the database. 
2026-09-03 05:07:46,672 1 INFO rehearse odoo.addons.pan_mail_pro.models.pan_mail_mailbox: [Mail Pro] SMTP takeover active — all email routes through the provider API 
2026-09-03 05:07:46,682 1 INFO rehearse odoo.addons.pan_mail_pro.tests.test_imap_provider: Starting TestImapProvider.test_sent_copy_is_not_duplicated_when_the_host_already_filed_one ... 
2026-09-03 05:07:46,686 1 INFO rehearse odoo.addons.pan_mail_pro.models.encryption_utils: [Encryption] Generated a new encryption key. Credentials are stored encrypted in the database. 
2026-09-03 05:07:46,693 1 INFO rehearse odoo.addons.pan_mail_pro.models.pan_mail_mailbox: [Mail Pro] SMTP takeover active — all email routes through the provider API 
2026-09-03 05:07:46,763 1 INFO rehearse odoo.addons.pan_mail_pro.tests.test_imap_provider: Starting TestImapProvider.test_shared_imap_mailbox_needs_no_owner ... 
2026-09-03 05:07:46,773 1 INFO rehearse odoo.addons.pan_mail_pro.models.pan_mail_mailbox: [Mail Pro] SMTP takeover active — all email routes through the provider API 
2026-09-03 05:07:46,777 1 INFO rehearse odoo.addons.pan_mail_pro.tests.test_imap_provider: Starting TestImapProvider.test_smtp_failure_is_reported_not_raised ... 
2026-09-03 05:07:46,782 1 INFO rehearse odoo.addons.pan_mail_pro.models.encryption_utils: [Encryption] Generated a new encryption key. Credentials are stored encrypted in the database. 
2026-09-03 05:07:46,790 1 INFO rehearse odoo.addons.pan_mail_pro.models.pan_mail_mailbox: [Mail Pro] SMTP takeover active — all email routes through the provider API 
2026-09-03 05:07:46,833 1 INFO rehearse odoo.addons.pan_mail_pro.tests.test_imap_provider: Starting TestImapProvider.test_smtp_timeout_scales_with_the_payload ... 
2026-09-03 05:07:46,834 1 INFO rehearse odoo.addons.pan_mail_pro.tests.test_imap_provider: Starting TestImapProvider.test_test_connection_checks_both_halves ... 
2026-09-03 05:07:46,840 1 INFO rehearse odoo.addons.pan_mail_pro.models.encryption_utils: [Encryption] Generated a new encryption key. Credentials are stored encrypted in the database. 
2026-09-03 05:07:46,955 1 INFO rehearse odoo.addons.pan_mail_pro.tests.test_imap_provider: Starting TestImapProvider.test_the_first_nine_days_of_a_month_still_have_a_date ... 
2026-09-03 05:07:46,960 1 INFO rehearse odoo.addons.pan_mail_pro.models.encryption_utils: [Encryption] Generated a new encryption key. Credentials are stored encrypted in the database. 
2026-09-03 05:07:46,968 1 INFO rehearse odoo.addons.pan_mail_pro.models.pan_mail_mailbox: [Mail Pro] SMTP takeover active — all email routes through the provider API 
2026-09-03 05:07:47,000 1 INFO rehearse odoo.addons.pan_mail_pro.tests.test_imap_provider: Starting TestImapProvider.test_thread_key_is_the_references_root ... 
2026-09-03 05:07:47,005 1 INFO rehearse odoo.addons.pan_mail_pro.models.encryption_utils: [Encryption] Generated a new encryption key. Credentials are stored encrypted in the database. 
2026-09-03 05:07:47,013 1 INFO rehearse odoo.addons.pan_mail_pro.models.pan_mail_mailbox: [Mail Pro] SMTP takeover active — all email routes through the provider API 
2026-09-03 05:07:47,074 1 INFO rehearse odoo.addons.pan_mail_pro.tests.test_imap_provider: Starting TestImapProvider.test_unseen_message_is_reported_unread ... 
2026-09-03 05:07:47,079 1 INFO rehearse odoo.addons.pan_mail_pro.models.encryption_utils: [Encryption] Generated a new encryption key. Credentials are stored encrypted in the database. 
2026-09-03 05:07:47,087 1 INFO rehearse odoo.addons.pan_mail_pro.models.pan_mail_mailbox: [Mail Pro] SMTP takeover active — all email routes through the provider API 
2026-09-03 05:07:47,122 1 INFO rehearse odoo.addons.base.models.ir_attachment: filestore gc 1 checked, 1 removed 
2026-09-03 05:07:47,295 1 INFO rehearse odoo.addons.pan_mail_pro.models.mail_mail: [Outgoing Mail] No mailboxes configured — using Odoo's standard mail handling 
2026-09-03 05:07:47,301 1 INFO rehearse odoo.addons.auth_signup.models.res_users: Signup email sent for user <imap_sender@test.local> to <imap_sender@test.local> 
2026-09-03 05:07:47,310 1 INFO rehearse odoo.addons.pan_mail_pro.models.encryption_utils: [Encryption] Generated a new encryption key. Credentials are stored encrypted in the database. 
2026-09-03 05:07:47,317 1 INFO rehearse odoo.addons.pan_mail_pro.models.pan_mail_mailbox: [Mail Pro] SMTP takeover active — all email routes through the provider API 
2026-09-03 05:07:47,318 1 INFO rehearse odoo.addons.pan_mail_pro.tests.test_imap_provider: Starting TestImapOutgoingRouting.test_mail_is_sent_through_the_imap_client ... 
2026-09-03 05:07:47,331 1 INFO rehearse odoo.addons.pan_mail_pro.models.mail_mail: [Outgoing Mail] Processing email 50 
2026-09-03 05:07:47,333 1 INFO rehearse odoo.addons.pan_mail_pro.models.mail_mail: [Outgoing Mail] Sending from sales@company.test (credentials: sales@company.test) 
2026-09-03 05:07:47,400 1 INFO rehearse odoo.addons.pan_mail_pro.models.mail_mail: [Outgoing Mail] Mail 50 sent from sales@company.test (message <178841206733.1.485064888514964824@company.test>, thread <178841206733.1.485064888514964824@company.test>) 
2026-09-03 05:07:47,402 1 INFO rehearse odoo.addons.pan_mail_pro.tests.test_imap_provider: Starting TestImapOutgoingRouting.test_sent_message_id_is_stored_for_dedup ... 
2026-09-03 05:07:47,414 1 INFO rehearse odoo.addons.pan_mail_pro.models.mail_mail: [Outgoing Mail] Processing email 51 
2026-09-03 05:07:47,418 1 INFO rehearse odoo.addons.pan_mail_pro.models.mail_mail: [Outgoing Mail] Sending from sales@company.test (credentials: sales@company.test) 
2026-09-03 05:07:47,495 1 INFO rehearse odoo.addons.pan_mail_pro.models.mail_mail: [Outgoing Mail] Mail 51 sent from sales@company.test (message <178841206741.1.8689716593513230625@company.test>, thread <178841206741.1.8689716593513230625@company.test>) 
2026-09-03 05:07:47,502 1 INFO rehearse odoo.addons.base.models.ir_attachment: filestore gc 1 checked, 1 removed 
2026-09-03 05:07:47,972 1 INFO rehearse odoo.addons.pan_mail_pro.models.encryption_utils: [Encryption] Generated a new encryption key. Credentials are stored encrypted in the database. 
2026-09-03 05:07:47,987 1 INFO rehearse odoo.addons.pan_mail_pro.models.pan_mail_mailbox: [Mail Pro] SMTP takeover active — all email routes through the provider API 
2026-09-03 05:07:48,037 1 INFO rehearse odoo.addons.pan_mail_pro.tests.test_incoming_gates: Starting TestIncomingGates.test_a_clean_message_passes_the_whole_ladder ... 
2026-09-03 05:07:48,051 1 INFO rehearse odoo.addons.pan_mail_pro.tests.test_incoming_gates: Starting TestIncomingGates.test_a_forced_import_still_lifts_the_internal_filter ... 
2026-09-03 05:07:48,054 1 INFO rehearse odoo.addons.pan_mail_pro.tests.test_incoming_gates: Starting TestIncomingGates.test_a_recording_refusal_reaches_the_triage_queue ... 
2026-09-03 05:07:48,063 1 INFO rehearse odoo.addons.pan_mail_pro.models.pan_mail_fetcher: [Incoming Mail] Refused <gate-001@example.com> at _gate_sync_mode: unknown_contact 
2026-09-03 05:07:48,069 1 INFO rehearse odoo.addons.pan_mail_pro.tests.test_incoming_gates: Starting TestIncomingGates.test_a_sent_item_to_our_own_address_never_enters ... 
2026-09-03 05:07:48,077 1 INFO rehearse odoo.addons.pan_mail_pro.models.pan_mail_fetcher: [Incoming Mail] Refused <gate-001@example.com> at _gate_internal_domain: internal_domain 
2026-09-03 05:07:48,078 1 INFO rehearse odoo.addons.pan_mail_pro.tests.test_incoming_gates: Starting TestIncomingGates.test_a_sent_item_with_no_recipient_is_refused ... 
2026-09-03 05:07:48,085 1 INFO rehearse odoo.addons.pan_mail_pro.tests.test_incoming_gates: Starting TestIncomingGates.test_a_silent_refusal_leaves_nothing_behind ... 
2026-09-03 05:07:48,098 1 INFO rehearse odoo.addons.pan_mail_pro.models.pan_mail_fetcher: [Incoming Mail] Refused <gate-001@example.com> at _gate_blocked_contact: blocked_contact 
2026-09-03 05:07:48,099 1 INFO rehearse odoo.addons.pan_mail_pro.tests.test_incoming_gates: Starting TestIncomingGates.test_an_inbox_mail_from_our_own_address_never_enters ... 
2026-09-03 05:07:48,106 1 INFO rehearse odoo.addons.pan_mail_pro.models.pan_mail_fetcher: [Incoming Mail] Refused <gate-001@example.com> at _gate_internal_domain: internal_domain 
2026-09-03 05:07:48,107 1 INFO rehearse odoo.addons.pan_mail_pro.tests.test_incoming_gates: Starting TestIncomingGates.test_every_named_gate_exists ... 
2026-09-03 05:07:48,110 1 INFO rehearse odoo.addons.pan_mail_pro.tests.test_incoming_gates: Starting TestIncomingGates.test_every_recipient_ours_means_nothing_enters ... 
2026-09-03 05:07:48,118 1 INFO rehearse odoo.addons.pan_mail_pro.models.pan_mail_fetcher: [Incoming Mail] Refused <gate-001@example.com> at _gate_internal_domain: internal_domain 
2026-09-03 05:07:48,119 1 INFO rehearse odoo.addons.pan_mail_pro.tests.test_incoming_gates: Starting TestIncomingGates.test_inbox_takes_the_counterpart_from_the_sender ... 
2026-09-03 05:07:48,122 1 INFO rehearse odoo.addons.pan_mail_pro.tests.test_incoming_gates: Starting TestIncomingGates.test_internal_mail_leaves_no_row_in_the_triage_queue ... 
2026-09-03 05:07:48,130 1 INFO rehearse odoo.addons.pan_mail_pro.models.pan_mail_fetcher: [Incoming Mail] Refused <gate-001@example.com> at _gate_internal_domain: internal_domain 
2026-09-03 05:07:48,131 1 INFO rehearse odoo.addons.pan_mail_pro.tests.test_incoming_gates: Starting TestIncomingGates.test_one_external_recipient_makes_it_correspondence ... 
2026-09-03 05:07:48,139 1 INFO rehearse odoo.addons.pan_mail_pro.tests.test_incoming_gates: Starting TestIncomingGates.test_sent_items_takes_the_counterpart_from_the_recipient ... 
2026-09-03 05:07:48,142 1 INFO rehearse odoo.addons.pan_mail_pro.tests.test_incoming_gates: Starting TestIncomingGates.test_skip_defaults_to_leaving_no_trace ... 
2026-09-03 05:07:48,145 1 INFO rehearse odoo.addons.pan_mail_pro.tests.test_incoming_gates: Starting TestIncomingGates.test_the_counterpart_gate_runs_before_everything_that_reads_it ... 
2026-09-03 05:07:48,147 1 INFO rehearse odoo.addons.pan_mail_pro.tests.test_incoming_gates: Starting TestIncomingGates.test_the_first_external_recipient_wins ... 
2026-09-03 05:07:48,155 1 INFO rehearse odoo.addons.pan_mail_pro.tests.test_incoming_gates: Starting TestIncomingGates.test_the_ladder_is_the_documented_order ... 
2026-09-03 05:07:48,158 1 INFO rehearse odoo.addons.pan_mail_pro.tests.test_incoming_gates: Starting TestIncomingGates.test_the_ladder_stops_at_the_first_refusal ... 
2026-09-03 05:07:48,167 1 INFO rehearse odoo.addons.pan_mail_pro.models.pan_mail_fetcher: [Incoming Mail] Refused <gate-001@example.com> at _gate_odoo_originated: odoo_originated 
2026-09-03 05:07:48,169 1 INFO rehearse odoo.addons.pan_mail_pro.tests.test_incoming_gates: Starting TestIncomingGates.test_the_partner_gate_runs_before_the_gates_that_read_it ... 
2026-09-03 05:07:48,177 1 INFO rehearse odoo.addons.base.models.ir_attachment: filestore gc 4 checked, 4 removed 
2026-09-03 05:07:48,180 1 INFO rehearse odoo.addons.pan_mail_pro.tests.test_incoming_mail: Starting TestInternalDomain.test_external_domain ... 
2026-09-03 05:07:48,182 1 INFO rehearse odoo.addons.pan_mail_pro.tests.test_incoming_mail: Starting TestInternalDomain.test_internal_domain_case_insensitive ... 
2026-09-03 05:07:48,184 1 INFO rehearse odoo.addons.pan_mail_pro.tests.test_incoming_mail: Starting TestInternalDomain.test_internal_domain_match ... 
2026-09-03 05:07:48,185 1 INFO rehearse odoo.addons.pan_mail_pro.tests.test_incoming_mail: Starting TestInternalDomain.test_invalid_email ... 
2026-09-03 05:07:48,186 1 INFO rehearse odoo.addons.pan_mail_pro.tests.test_incoming_mail: Starting TestInternalDomain.test_no_matching_domain ... 
2026-09-03 05:07:48,187 1 INFO rehearse odoo.addons.pan_mail_pro.tests.test_incoming_mail: Starting TestInternalDomain.test_per_mailbox_exclude_internal_disabled ... 
2026-09-03 05:07:48,198 1 INFO rehearse odoo.addons.pan_mail_pro.models.pan_mail_mailbox: [Mail Pro] SMTP takeover active — all email routes through the provider API 
2026-09-03 05:07:48,199 1 INFO rehearse odoo.addons.pan_mail_pro.tests.test_incoming_mail: Starting TestInternalDomain.test_per_mailbox_exclude_internal_enabled ... 
2026-09-03 05:07:48,208 1 INFO rehearse odoo.addons.pan_mail_pro.models.pan_mail_mailbox: [Mail Pro] SMTP takeover active — all email routes through the provider API 
2026-09-03 05:07:48,211 1 INFO rehearse odoo.addons.base.models.ir_attachment: filestore gc 0 checked, 0 removed 
2026-09-03 05:07:48,246 1 INFO rehearse odoo.addons.pan_mail_pro.tests.test_incoming_mail: Starting TestDuplicateDetection.test_duplicate_in_mail_message ... 
2026-09-03 05:07:48,256 1 INFO rehearse odoo.addons.pan_mail_pro.tests.test_incoming_mail: Starting TestDuplicateDetection.test_duplicate_sent_from_odoo ... 
2026-09-03 05:07:48,271 1 INFO rehearse odoo.addons.pan_mail_pro.tests.test_incoming_mail: Starting TestDuplicateDetection.test_empty_message_id ... 
2026-09-03 05:07:48,272 1 INFO rehearse odoo.addons.pan_mail_pro.tests.test_incoming_mail: Starting TestDuplicateDetection.test_no_duplicate_for_new_message ... 
2026-09-03 05:07:48,275 1 INFO rehearse odoo.addons.base.models.ir_attachment: filestore gc 0 checked, 0 removed 
2026-09-03 05:07:48,315 1 INFO rehearse odoo.addons.pan_mail_pro.tests.test_incoming_mail: Starting TestPartnerMatching.test_find_existing_partner ... 
2026-09-03 05:07:48,321 1 INFO rehearse odoo.addons.pan_mail_pro.tests.test_incoming_mail: Starting TestPartnerMatching.test_find_or_create_existing ... 
2026-09-03 05:07:48,324 1 INFO rehearse odoo.addons.pan_mail_pro.tests.test_incoming_mail: Starting TestPartnerMatching.test_find_or_create_new ... 
2026-09-03 05:07:48,357 1 INFO rehearse odoo.addons.pan_mail_pro.models.pan_mail_fetcher: [Incoming Mail] Created new partner id=67 
2026-09-03 05:07:48,358 1 INFO rehearse odoo.addons.pan_mail_pro.tests.test_incoming_mail: Starting TestPartnerMatching.test_find_or_create_no_name ... 
2026-09-03 05:07:48,394 1 INFO rehearse odoo.addons.pan_mail_pro.models.pan_mail_fetcher: [Incoming Mail] Created new partner id=68 
2026-09-03 05:07:48,395 1 INFO rehearse odoo.addons.pan_mail_pro.tests.test_incoming_mail: Starting TestPartnerMatching.test_find_partner_case_insensitive ... 
2026-09-03 05:07:48,397 1 INFO rehearse odoo.addons.pan_mail_pro.tests.test_incoming_mail: Starting TestPartnerMatching.test_find_partner_not_found ... 
2026-09-03 05:07:48,400 1 INFO rehearse odoo.addons.base.models.ir_attachment: filestore gc 0 checked, 0 removed 
2026-09-03 05:07:48,437 1 INFO rehearse odoo.addons.pan_mail_pro.tests.test_incoming_mail: Starting TestAliasRouting.test_route_no_alias_falls_back_to_partner ... 
2026-09-03 05:07:48,450 1 INFO rehearse odoo.addons.pan_mail_pro.models.pan_mail_mailbox: [Mail Pro] SMTP takeover active — all email routes through the provider API 
2026-09-03 05:07:48,451 1 INFO rehearse odoo.addons.pan_mail_pro.models.pan_mail_fetcher: [Incoming Mail] Routing to contact chatter for mailbox noalias@company.com 
2026-09-03 05:07:48,459 1 INFO rehearse odoo.addons.base.models.ir_attachment: filestore gc 0 checked, 0 removed 
2026-09-03 05:07:48,462 1 INFO rehearse odoo.tests.suite: skipped setUpClass (odoo.addons.pan_mail_pro.tests.test_incoming_mail.TestHelpdeskRouting) : Helpdesk module not installed 
2026-09-03 05:07:48,464 1 INFO rehearse odoo.addons.base.models.ir_attachment: filestore gc 0 checked, 0 removed 
2026-09-03 05:07:48,477 1 INFO rehearse odoo.addons.pan_mail_pro.models.pan_mail_mailbox: [Mail Pro] SMTP takeover active — all email routes through the provider API 
2026-09-03 05:07:48,477 1 INFO rehearse odoo.addons.pan_mail_pro.tests.test_incoming_mail: Starting TestSavepointIsolation.test_one_bad_message_does_not_poison_batch ... 
2026-09-03 05:07:48,556 1 ERROR rehearse odoo.sql_db: bad query: b'SELECT 1/0'
ERROR: division by zero
 
2026-09-03 05:07:48,557 1 ERROR rehearse odoo.addons.pan_mail_pro.models.pan_mail_fetcher: [Incoming Mail] Error processing message g2 
Traceback (most recent call last):
  File "/mnt/extra-addons/pan_mail_pro/models/pan_mail_fetcher.py", line 226, in _fetch_folder
    if self._process_message(mailbox, message, folder):
       ^^^^^^^^^^^^^^^^^^^^^^^^^^^^^^^^^^^^^^^^^^^^^^^
  File "/mnt/extra-addons/pan_mail_pro/tests/test_incoming_mail.py", line 336, in fake_process_message
    self_.env.cr.execute("SELECT 1/0")
  File "/usr/lib/python3/dist-packages/odoo/sql_db.py", line 440, in execute
    self._obj.execute(query, params)
psycopg2.errors.DivisionByZero: division by zero

2026-09-03 05:07:48,584 1 INFO rehearse odoo.addons.base.models.ir_attachment: filestore gc 0 checked, 0 removed 
2026-09-03 05:07:49,032 1 INFO rehearse odoo.addons.pan_mail_pro.models.encryption_utils: [Encryption] Generated a new encryption key. Credentials are stored encrypted in the database. 
2026-09-03 05:07:49,046 1 INFO rehearse odoo.addons.pan_mail_pro.models.pan_mail_mailbox: [Mail Pro] SMTP takeover active — all email routes through the provider API 
2026-09-03 05:07:49,092 1 INFO rehearse odoo.addons.pan_mail_pro.tests.test_incoming_sync: Starting TestIncomingSync.test_attachment_is_stored ... 
2026-09-03 05:07:49,103 1 INFO rehearse odoo.addons.pan_mail_pro.models.pan_mail_fetcher: [Incoming Mail] Processing mailbox: sales@company.test 
2026-09-03 05:07:49,104 1 INFO rehearse odoo.addons.pan_mail_pro.models.providers.microsoft.graph_client: [Graph API] Fetched 1 messages from sales@company.test/Inbox 
2026-09-03 05:07:49,111 1 INFO rehearse odoo.addons.pan_mail_pro.models.pan_mail_fetcher: [Incoming Mail] Processing message <inbound-001@example.com> 
2026-09-03 05:07:49,111 1 INFO rehearse odoo.addons.pan_mail_pro.models.pan_mail_fetcher: [Incoming Mail] Fetched 1 attachment(s) 
2026-09-03 05:07:49,116 1 INFO rehearse odoo.addons.pan_mail_pro.models.pan_mail_matcher: [Mail Matcher] unmatched — No rule reached the routing threshold (0 proposal(s)) 
2026-09-03 05:07:49,116 1 INFO rehearse odoo.addons.pan_mail_pro.models.pan_mail_fetcher: [Incoming Mail] Routing to contact chatter for mailbox sales@company.test 
2026-09-03 05:07:49,136 1 INFO rehearse odoo.addons.pan_mail_pro.models.pan_mail_fetcher: [Incoming Mail] Successfully processed: <inbound-001@example.com> -> res.partner/78 
2026-09-03 05:07:49,138 1 INFO rehearse odoo.addons.pan_mail_pro.models.providers.microsoft.graph_client: [Graph API] Fetched 0 messages from sales@company.test/SentItems 
2026-09-03 05:07:49,139 1 INFO rehearse odoo.addons.pan_mail_pro.models.pan_mail_fetcher: [Incoming Mail] Processed 1 message(s) from sales@company.test 
2026-09-03 05:07:49,141 1 INFO rehearse odoo.addons.pan_mail_pro.tests.test_incoming_sync: Starting TestIncomingSync.test_attachments_not_fetched_for_skipped_message ... 
2026-09-03 05:07:49,145 1 INFO rehearse odoo.addons.pan_mail_pro.models.pan_mail_fetcher: [Incoming Mail] Processing mailbox: sales@company.test 
2026-09-03 05:07:49,147 1 INFO rehearse odoo.addons.pan_mail_pro.models.providers.microsoft.graph_client: [Graph API] Fetched 1 messages from sales@company.test/Inbox 
2026-09-03 05:07:49,158 1 INFO rehearse odoo.addons.pan_mail_pro.models.pan_mail_fetcher: [Incoming Mail] Processing message <inbound-001@example.com> 
2026-09-03 05:07:49,162 1 INFO rehearse odoo.addons.pan_mail_pro.models.pan_mail_matcher: [Mail Matcher] unmatched — No rule reached the routing threshold (0 proposal(s)) 
2026-09-03 05:07:49,163 1 INFO rehearse odoo.addons.pan_mail_pro.models.pan_mail_fetcher: [Incoming Mail] Routing to contact chatter for mailbox sales@company.test 
2026-09-03 05:07:49,191 1 INFO rehearse odoo.addons.pan_mail_pro.models.pan_mail_fetcher: [Incoming Mail] Successfully processed: <inbound-001@example.com> -> res.partner/78 
2026-09-03 05:07:49,194 1 INFO rehearse odoo.addons.pan_mail_pro.models.providers.microsoft.graph_client: [Graph API] Fetched 0 messages from sales@company.test/SentItems 
2026-09-03 05:07:49,194 1 INFO rehearse odoo.addons.pan_mail_pro.models.pan_mail_fetcher: [Incoming Mail] Processed 1 message(s) from sales@company.test 
2026-09-03 05:07:49,195 1 INFO rehearse odoo.addons.pan_mail_pro.models.pan_mail_fetcher: [Incoming Mail] Processing mailbox: sales@company.test 
2026-09-03 05:07:49,196 1 INFO rehearse odoo.addons.pan_mail_pro.models.providers.microsoft.graph_client: [Graph API] Fetched 1 messages from sales@company.test/Inbox 
2026-09-03 05:07:49,203 1 INFO rehearse odoo.addons.pan_mail_pro.models.providers.microsoft.graph_client: [Graph API] Fetched 0 messages from sales@company.test/SentItems 
2026-09-03 05:07:49,204 1 INFO rehearse odoo.addons.pan_mail_pro.models.pan_mail_fetcher: [Incoming Mail] Processed 0 message(s) from sales@company.test 
2026-09-03 05:07:49,205 1 INFO rehearse odoo.addons.pan_mail_pro.tests.test_incoming_sync: Starting TestIncomingSync.test_cc_recipients_are_carried_through ... 
2026-09-03 05:07:49,208 1 INFO rehearse odoo.addons.pan_mail_pro.models.pan_mail_fetcher: [Incoming Mail] Processing mailbox: sales@company.test 
2026-09-03 05:07:49,210 1 INFO rehearse odoo.addons.pan_mail_pro.models.providers.microsoft.graph_client: [Graph API] Fetched 1 messages from sales@company.test/Inbox 
2026-09-03 05:07:49,221 1 INFO rehearse odoo.addons.pan_mail_pro.models.pan_mail_fetcher: [Incoming Mail] Processing message <inbound-001@example.com> 
2026-09-03 05:07:49,226 1 INFO rehearse odoo.addons.pan_mail_pro.models.pan_mail_matcher: [Mail Matcher] unmatched — No rule reached the routing threshold (0 proposal(s)) 
2026-09-03 05:07:49,226 1 INFO rehearse odoo.addons.pan_mail_pro.models.pan_mail_fetcher: [Incoming Mail] Routing to contact chatter for mailbox sales@company.test 
2026-09-03 05:07:49,254 1 INFO rehearse odoo.addons.pan_mail_pro.models.pan_mail_fetcher: [Incoming Mail] Successfully processed: <inbound-001@example.com> -> res.partner/78 
2026-09-03 05:07:49,256 1 INFO rehearse odoo.addons.pan_mail_pro.models.providers.microsoft.graph_client: [Graph API] Fetched 0 messages from sales@company.test/SentItems 
2026-09-03 05:07:49,257 1 INFO rehearse odoo.addons.pan_mail_pro.models.pan_mail_fetcher: [Incoming Mail] Processed 1 message(s) from sales@company.test 
2026-09-03 05:07:49,259 1 INFO rehearse odoo.addons.pan_mail_pro.tests.test_incoming_sync: Starting TestIncomingSync.test_duplicate_is_not_posted_twice ... 
2026-09-03 05:07:49,262 1 INFO rehearse odoo.addons.pan_mail_pro.models.pan_mail_fetcher: [Incoming Mail] Processing mailbox: sales@company.test 
2026-09-03 05:07:49,264 1 INFO rehearse odoo.addons.pan_mail_pro.models.providers.microsoft.graph_client: [Graph API] Fetched 1 messages from sales@company.test/Inbox 
2026-09-03 05:07:49,276 1 INFO rehearse odoo.addons.pan_mail_pro.models.pan_mail_fetcher: [Incoming Mail] Processing message <inbound-001@example.com> 
2026-09-03 05:07:49,280 1 INFO rehearse odoo.addons.pan_mail_pro.models.pan_mail_matcher: [Mail Matcher] unmatched — No rule reached the routing threshold (0 proposal(s)) 
2026-09-03 05:07:49,280 1 INFO rehearse odoo.addons.pan_mail_pro.models.pan_mail_fetcher: [Incoming Mail] Routing to contact chatter for mailbox sales@company.test 
2026-09-03 05:07:49,308 1 INFO rehearse odoo.addons.pan_mail_pro.models.pan_mail_fetcher: [Incoming Mail] Successfully processed: <inbound-001@example.com> -> res.partner/78 
2026-09-03 05:07:49,311 1 INFO rehearse odoo.addons.pan_mail_pro.models.providers.microsoft.graph_client: [Graph API] Fetched 0 messages from sales@company.test/SentItems 
2026-09-03 05:07:49,311 1 INFO rehearse odoo.addons.pan_mail_pro.models.pan_mail_fetcher: [Incoming Mail] Processed 1 message(s) from sales@company.test 
2026-09-03 05:07:49,312 1 INFO rehearse odoo.addons.pan_mail_pro.models.pan_mail_fetcher: [Incoming Mail] Processing mailbox: sales@company.test 
2026-09-03 05:07:49,313 1 INFO rehearse odoo.addons.pan_mail_pro.models.providers.microsoft.graph_client: [Graph API] Fetched 1 messages from sales@company.test/Inbox 
2026-09-03 05:07:49,319 1 INFO rehearse odoo.addons.pan_mail_pro.models.providers.microsoft.graph_client: [Graph API] Fetched 0 messages from sales@company.test/SentItems 
2026-09-03 05:07:49,319 1 INFO rehearse odoo.addons.pan_mail_pro.models.pan_mail_fetcher: [Incoming Mail] Processed 0 message(s) from sales@company.test 
2026-09-03 05:07:49,322 1 INFO rehearse odoo.addons.pan_mail_pro.tests.test_incoming_sync: Starting TestIncomingSync.test_html_body_is_not_escaped ... 
2026-09-03 05:07:49,325 1 INFO rehearse odoo.addons.pan_mail_pro.models.pan_mail_fetcher: [Incoming Mail] Processing mailbox: sales@company.test 
2026-09-03 05:07:49,328 1 INFO rehearse odoo.addons.pan_mail_pro.models.providers.microsoft.graph_client: [Graph API] Fetched 1 messages from sales@company.test/Inbox 
2026-09-03 05:07:49,339 1 INFO rehearse odoo.addons.pan_mail_pro.models.pan_mail_fetcher: [Incoming Mail] Processing message <inbound-001@example.com> 
2026-09-03 05:07:49,345 1 INFO rehearse odoo.addons.pan_mail_pro.models.pan_mail_matcher: [Mail Matcher] unmatched — No rule reached the routing threshold (0 proposal(s)) 
2026-09-03 05:07:49,345 1 INFO rehearse odoo.addons.pan_mail_pro.models.pan_mail_fetcher: [Incoming Mail] Routing to contact chatter for mailbox sales@company.test 
2026-09-03 05:07:49,374 1 INFO rehearse odoo.addons.pan_mail_pro.models.pan_mail_fetcher: [Incoming Mail] Successfully processed: <inbound-001@example.com> -> res.partner/78 
2026-09-03 05:07:49,377 1 INFO rehearse odoo.addons.pan_mail_pro.models.providers.microsoft.graph_client: [Graph API] Fetched 0 messages from sales@company.test/SentItems 
2026-09-03 05:07:49,377 1 INFO rehearse odoo.addons.pan_mail_pro.models.pan_mail_fetcher: [Incoming Mail] Processed 1 message(s) from sales@company.test 
2026-09-03 05:07:49,380 1 INFO rehearse odoo.addons.pan_mail_pro.tests.test_incoming_sync: Starting TestIncomingSync.test_imported_mail_keeps_the_date_it_was_sent ... 
2026-09-03 05:07:49,383 1 INFO rehearse odoo.addons.pan_mail_pro.models.pan_mail_fetcher: [Incoming Mail] Processing mailbox: sales@company.test 
2026-09-03 05:07:49,386 1 INFO rehearse odoo.addons.pan_mail_pro.models.providers.microsoft.graph_client: [Graph API] Fetched 1 messages from sales@company.test/Inbox 
2026-09-03 05:07:49,399 1 INFO rehearse odoo.addons.pan_mail_pro.models.pan_mail_fetcher: [Incoming Mail] Processing message <inbound-001@example.com> 
2026-09-03 05:07:49,404 1 INFO rehearse odoo.addons.pan_mail_pro.models.pan_mail_matcher: [Mail Matcher] unmatched — No rule reached the routing threshold (0 proposal(s)) 
2026-09-03 05:07:49,404 1 INFO rehearse odoo.addons.pan_mail_pro.models.pan_mail_fetcher: [Incoming Mail] Routing to contact chatter for mailbox sales@company.test 
2026-09-03 05:07:49,437 1 INFO rehearse odoo.addons.pan_mail_pro.models.pan_mail_fetcher: [Incoming Mail] Successfully processed: <inbound-001@example.com> -> res.partner/78 
2026-09-03 05:07:49,440 1 INFO rehearse odoo.addons.pan_mail_pro.models.providers.microsoft.graph_client: [Graph API] Fetched 0 messages from sales@company.test/SentItems 
2026-09-03 05:07:49,440 1 INFO rehearse odoo.addons.pan_mail_pro.models.pan_mail_fetcher: [Incoming Mail] Processed 1 message(s) from sales@company.test 
2026-09-03 05:07:49,442 1 INFO rehearse odoo.addons.pan_mail_pro.tests.test_incoming_sync: Starting TestIncomingSync.test_inbound_email_is_stamped_for_the_lens ... 
2026-09-03 05:07:49,446 1 INFO rehearse odoo.addons.pan_mail_pro.models.pan_mail_fetcher: [Incoming Mail] Processing mailbox: sales@company.test 
2026-09-03 05:07:49,449 1 INFO rehearse odoo.addons.pan_mail_pro.models.providers.microsoft.graph_client: [Graph API] Fetched 1 messages from sales@company.test/Inbox 
2026-09-03 05:07:49,461 1 INFO rehearse odoo.addons.pan_mail_pro.models.pan_mail_fetcher: [Incoming Mail] Processing message <inbound-001@example.com> 
2026-09-03 05:07:49,466 1 INFO rehearse odoo.addons.pan_mail_pro.models.pan_mail_matcher: [Mail Matcher] unmatched — No rule reached the routing threshold (0 proposal(s)) 
2026-09-03 05:07:49,466 1 INFO rehearse odoo.addons.pan_mail_pro.models.pan_mail_fetcher: [Incoming Mail] Routing to contact chatter for mailbox sales@company.test 
2026-09-03 05:07:49,494 1 INFO rehearse odoo.addons.pan_mail_pro.models.pan_mail_fetcher: [Incoming Mail] Successfully processed: <inbound-001@example.com> -> res.partner/78 
2026-09-03 05:07:49,497 1 INFO rehearse odoo.addons.pan_mail_pro.models.providers.microsoft.graph_client: [Graph API] Fetched 0 messages from sales@company.test/SentItems 
2026-09-03 05:07:49,497 1 INFO rehearse odoo.addons.pan_mail_pro.models.pan_mail_fetcher: [Incoming Mail] Processed 1 message(s) from sales@company.test 
2026-09-03 05:07:49,500 1 INFO rehearse odoo.addons.pan_mail_pro.tests.test_incoming_sync: Starting TestIncomingSync.test_inbound_email_lands_on_partner_chatter ... 
2026-09-03 05:07:49,503 1 INFO rehearse odoo.addons.pan_mail_pro.models.pan_mail_fetcher: [Incoming Mail] Processing mailbox: sales@company.test 
2026-09-03 05:07:49,506 1 INFO rehearse odoo.addons.pan_mail_pro.models.providers.microsoft.graph_client: [Graph API] Fetched 1 messages from sales@company.test/Inbox 
2026-09-03 05:07:49,517 1 INFO rehearse odoo.addons.pan_mail_pro.models.pan_mail_fetcher: [Incoming Mail] Processing message <inbound-001@example.com> 
2026-09-03 05:07:49,522 1 INFO rehearse odoo.addons.pan_mail_pro.models.pan_mail_matcher: [Mail Matcher] unmatched — No rule reached the routing threshold (0 proposal(s)) 
2026-09-03 05:07:49,522 1 INFO rehearse odoo.addons.pan_mail_pro.models.pan_mail_fetcher: [Incoming Mail] Routing to contact chatter for mailbox sales@company.test 
2026-09-03 05:07:49,549 1 INFO rehearse odoo.addons.pan_mail_pro.models.pan_mail_fetcher: [Incoming Mail] Successfully processed: <inbound-001@example.com> -> res.partner/78 
2026-09-03 05:07:49,552 1 INFO rehearse odoo.addons.pan_mail_pro.models.providers.microsoft.graph_client: [Graph API] Fetched 0 messages from sales@company.test/SentItems 
2026-09-03 05:07:49,552 1 INFO rehearse odoo.addons.pan_mail_pro.models.pan_mail_fetcher: [Incoming Mail] Processed 1 message(s) from sales@company.test 
2026-09-03 05:07:49,555 1 INFO rehearse odoo.addons.pan_mail_pro.tests.test_incoming_sync: Starting TestIncomingSync.test_inbound_email_stores_ids_for_threading ... 
2026-09-03 05:07:49,558 1 INFO rehearse odoo.addons.pan_mail_pro.models.pan_mail_fetcher: [Incoming Mail] Processing mailbox: sales@company.test 
2026-09-03 05:07:49,560 1 INFO rehearse odoo.addons.pan_mail_pro.models.providers.microsoft.graph_client: [Graph API] Fetched 1 messages from sales@company.test/Inbox 
2026-09-03 05:07:49,571 1 INFO rehearse odoo.addons.pan_mail_pro.models.pan_mail_fetcher: [Incoming Mail] Processing message <inbound-001@example.com> 
2026-09-03 05:07:49,577 1 INFO rehearse odoo.addons.pan_mail_pro.models.pan_mail_matcher: [Mail Matcher] unmatched — No rule reached the routing threshold (0 proposal(s)) 
2026-09-03 05:07:49,577 1 INFO rehearse odoo.addons.pan_mail_pro.models.pan_mail_fetcher: [Incoming Mail] Routing to contact chatter for mailbox sales@company.test 
2026-09-03 05:07:49,606 1 INFO rehearse odoo.addons.pan_mail_pro.models.pan_mail_fetcher: [Incoming Mail] Successfully processed: <inbound-001@example.com> -> res.partner/78 
2026-09-03 05:07:49,609 1 INFO rehearse odoo.addons.pan_mail_pro.models.providers.microsoft.graph_client: [Graph API] Fetched 0 messages from sales@company.test/SentItems 
2026-09-03 05:07:49,609 1 INFO rehearse odoo.addons.pan_mail_pro.models.pan_mail_fetcher: [Incoming Mail] Processed 1 message(s) from sales@company.test 
2026-09-03 05:07:49,612 1 INFO rehearse odoo.addons.pan_mail_pro.tests.test_incoming_sync: Starting TestIncomingSync.test_inline_image_becomes_web_image_url ... 
2026-09-03 05:07:49,615 1 INFO rehearse odoo.addons.pan_mail_pro.models.pan_mail_fetcher: [Incoming Mail] Processing mailbox: sales@company.test 
2026-09-03 05:07:49,618 1 INFO rehearse odoo.addons.pan_mail_pro.models.providers.microsoft.graph_client: [Graph API] Fetched 1 messages from sales@company.test/Inbox 
2026-09-03 05:07:49,629 1 INFO rehearse odoo.addons.pan_mail_pro.models.pan_mail_fetcher: [Incoming Mail] Processing message <inbound-001@example.com> 
2026-09-03 05:07:49,630 1 INFO rehearse odoo.addons.pan_mail_pro.models.pan_mail_fetcher: [Incoming Mail] Fetched 1 attachment(s) 
2026-09-03 05:07:49,635 1 INFO rehearse odoo.addons.pan_mail_pro.models.pan_mail_matcher: [Mail Matcher] unmatched — No rule reached the routing threshold (0 proposal(s)) 
2026-09-03 05:07:49,635 1 INFO rehearse odoo.addons.pan_mail_pro.models.pan_mail_fetcher: [Incoming Mail] Routing to contact chatter for mailbox sales@company.test 
2026-09-03 05:07:49,640 1 INFO rehearse odoo.addons.base.models.ir_attachment: Post processing ignored : This file could not be decoded as an image file. 
2026-09-03 05:07:49,669 1 INFO rehearse odoo.addons.pan_mail_pro.models.pan_mail_fetcher: [Incoming Mail] Successfully processed: <inbound-001@example.com> -> res.partner/78 
2026-09-03 05:07:49,671 1 INFO rehearse odoo.addons.pan_mail_pro.models.providers.microsoft.graph_client: [Graph API] Fetched 0 messages from sales@company.test/SentItems 
2026-09-03 05:07:49,672 1 INFO rehearse odoo.addons.pan_mail_pro.models.pan_mail_fetcher: [Incoming Mail] Processed 1 message(s) from sales@company.test 
2026-09-03 05:07:49,675 1 INFO rehearse odoo.addons.pan_mail_pro.tests.test_incoming_sync: Starting TestIncomingSync.test_odoo_originated_email_is_skipped ... 
2026-09-03 05:07:49,678 1 INFO rehearse odoo.addons.pan_mail_pro.models.pan_mail_fetcher: [Incoming Mail] Processing mailbox: sales@company.test 
2026-09-03 05:07:49,680 1 INFO rehearse odoo.addons.pan_mail_pro.models.providers.microsoft.graph_client: [Graph API] Fetched 1 messages from sales@company.test/Inbox 
2026-09-03 05:07:49,690 1 INFO rehearse odoo.addons.pan_mail_pro.models.pan_mail_fetcher: [Incoming Mail] Refused <inbound-001@example.com> at _gate_odoo_originated: odoo_originated 
2026-09-03 05:07:49,692 1 INFO rehearse odoo.addons.pan_mail_pro.models.providers.microsoft.graph_client: [Graph API] Fetched 0 messages from sales@company.test/SentItems 
2026-09-03 05:07:49,692 1 INFO rehearse odoo.addons.pan_mail_pro.models.pan_mail_fetcher: [Incoming Mail] Processed 0 message(s) from sales@company.test 
2026-09-03 05:07:49,694 1 INFO rehearse odoo.addons.pan_mail_pro.tests.test_incoming_sync: Starting TestIncomingSync.test_reference_attachment_is_ignored ... 
2026-09-03 05:07:49,697 1 INFO rehearse odoo.addons.pan_mail_pro.models.pan_mail_fetcher: [Incoming Mail] Processing mailbox: sales@company.test 
2026-09-03 05:07:49,699 1 INFO rehearse odoo.addons.pan_mail_pro.models.providers.microsoft.graph_client: [Graph API] Fetched 1 messages from sales@company.test/Inbox 
2026-09-03 05:07:49,710 1 INFO rehearse odoo.addons.pan_mail_pro.models.pan_mail_fetcher: [Incoming Mail] Processing message <inbound-001@example.com> 
2026-09-03 05:07:49,711 1 INFO rehearse odoo.addons.pan_mail_pro.models.pan_mail_fetcher: [Incoming Mail] Fetched 1 attachment(s) 
2026-09-03 05:07:49,715 1 INFO rehearse odoo.addons.pan_mail_pro.models.pan_mail_matcher: [Mail Matcher] unmatched — No rule reached the routing threshold (0 proposal(s)) 
2026-09-03 05:07:49,715 1 INFO rehearse odoo.addons.pan_mail_pro.models.pan_mail_fetcher: [Incoming Mail] Routing to contact chatter for mailbox sales@company.test 
2026-09-03 05:07:49,748 1 INFO rehearse odoo.addons.pan_mail_pro.models.pan_mail_fetcher: [Incoming Mail] Successfully processed: <inbound-001@example.com> -> res.partner/78 
2026-09-03 05:07:49,751 1 INFO rehearse odoo.addons.pan_mail_pro.models.providers.microsoft.graph_client: [Graph API] Fetched 0 messages from sales@company.test/SentItems 
2026-09-03 05:07:49,751 1 INFO rehearse odoo.addons.pan_mail_pro.models.pan_mail_fetcher: [Incoming Mail] Processed 1 message(s) from sales@company.test 
2026-09-03 05:07:49,753 1 INFO rehearse odoo.addons.pan_mail_pro.tests.test_incoming_sync: Starting TestIncomingSync.test_reply_threads_onto_the_message_it_answers ... 
2026-09-03 05:07:49,757 1 INFO rehearse odoo.addons.pan_mail_pro.models.pan_mail_fetcher: [Incoming Mail] Processing mailbox: sales@company.test 
2026-09-03 05:07:49,759 1 INFO rehearse odoo.addons.pan_mail_pro.models.providers.microsoft.graph_client: [Graph API] Fetched 1 messages from sales@company.test/Inbox 
2026-09-03 05:07:49,771 1 INFO rehearse odoo.addons.pan_mail_pro.models.pan_mail_fetcher: [Incoming Mail] Processing message <inbound-001@example.com> 
2026-09-03 05:07:49,776 1 INFO rehearse odoo.addons.pan_mail_pro.models.pan_mail_matcher: [Mail Matcher] unmatched — No rule reached the routing threshold (0 proposal(s)) 
2026-09-03 05:07:49,776 1 INFO rehearse odoo.addons.pan_mail_pro.models.pan_mail_fetcher: [Incoming Mail] Routing to contact chatter for mailbox sales@company.test 
2026-09-03 05:07:49,806 1 INFO rehearse odoo.addons.pan_mail_pro.models.pan_mail_fetcher: [Incoming Mail] Successfully processed: <inbound-001@example.com> -> res.partner/78 
2026-09-03 05:07:49,809 1 INFO rehearse odoo.addons.pan_mail_pro.models.providers.microsoft.graph_client: [Graph API] Fetched 0 messages from sales@company.test/SentItems 
2026-09-03 05:07:49,809 1 INFO rehearse odoo.addons.pan_mail_pro.models.pan_mail_fetcher: [Incoming Mail] Processed 1 message(s) from sales@company.test 
2026-09-03 05:07:49,811 1 INFO rehearse odoo.addons.pan_mail_pro.models.pan_mail_fetcher: [Incoming Mail] Processing mailbox: sales@company.test 
2026-09-03 05:07:49,812 1 INFO rehearse odoo.addons.pan_mail_pro.models.providers.microsoft.graph_client: [Graph API] Fetched 1 messages from sales@company.test/Inbox 
2026-09-03 05:07:49,816 1 INFO rehearse odoo.addons.pan_mail_pro.models.pan_mail_fetcher: [Incoming Mail] Processing message <inbound-002@example.com> 
2026-09-03 05:07:49,819 1 INFO rehearse odoo.addons.pan_mail_pro.models.pan_mail_matcher: [Mail Matcher] res.partner/78 via references (1.00) — Replies to <inbound-001@example.com> 
2026-09-03 05:07:49,828 1 INFO rehearse odoo.addons.pan_mail_pro.models.pan_mail_fetcher: [Incoming Mail] Threaded onto res.partner/78 by rule 'references' 
2026-09-03 05:07:49,833 1 INFO rehearse odoo.addons.pan_mail_pro.models.pan_mail_fetcher: [Incoming Mail] Successfully processed: <inbound-002@example.com> -> res.partner/78 
2026-09-03 05:07:49,836 1 INFO rehearse odoo.addons.pan_mail_pro.models.providers.microsoft.graph_client: [Graph API] Fetched 0 messages from sales@company.test/SentItems 
2026-09-03 05:07:49,836 1 INFO rehearse odoo.addons.pan_mail_pro.models.pan_mail_fetcher: [Incoming Mail] Processed 1 message(s) from sales@company.test 
2026-09-03 05:07:49,838 1 INFO rehearse odoo.addons.pan_mail_pro.tests.test_incoming_sync: Starting TestIncomingSync.test_sync_cursor_advances_to_last_message ... 
2026-09-03 05:07:49,841 1 INFO rehearse odoo.addons.pan_mail_pro.models.pan_mail_fetcher: [Incoming Mail] Processing mailbox: sales@company.test 
2026-09-03 05:07:49,844 1 INFO rehearse odoo.addons.pan_mail_pro.models.providers.microsoft.graph_client: [Graph API] Fetched 1 messages from sales@company.test/Inbox 
2026-09-03 05:07:49,855 1 INFO rehearse odoo.addons.pan_mail_pro.models.pan_mail_fetcher: [Incoming Mail] Processing message <inbound-001@example.com> 
2026-09-03 05:07:49,859 1 INFO rehearse odoo.addons.pan_mail_pro.models.pan_mail_matcher: [Mail Matcher] unmatched — No rule reached the routing threshold (0 proposal(s)) 
2026-09-03 05:07:49,859 1 INFO rehearse odoo.addons.pan_mail_pro.models.pan_mail_fetcher: [Incoming Mail] Routing to contact chatter for mailbox sales@company.test 
2026-09-03 05:07:49,887 1 INFO rehearse odoo.addons.pan_mail_pro.models.pan_mail_fetcher: [Incoming Mail] Successfully processed: <inbound-001@example.com> -> res.partner/78 
2026-09-03 05:07:49,889 1 INFO rehearse odoo.addons.pan_mail_pro.models.providers.microsoft.graph_client: [Graph API] Fetched 0 messages from sales@company.test/SentItems 
2026-09-03 05:07:49,890 1 INFO rehearse odoo.addons.pan_mail_pro.models.pan_mail_fetcher: [Incoming Mail] Processed 1 message(s) from sales@company.test 
2026-09-03 05:07:49,891 1 INFO rehearse odoo.addons.pan_mail_pro.tests.test_incoming_sync: Starting TestIncomingSync.test_sync_records_where_the_mail_landed ... 
2026-09-03 05:07:49,895 1 INFO rehearse odoo.addons.pan_mail_pro.models.pan_mail_fetcher: [Incoming Mail] Processing mailbox: sales@company.test 
2026-09-03 05:07:49,897 1 INFO rehearse odoo.addons.pan_mail_pro.models.providers.microsoft.graph_client: [Graph API] Fetched 1 messages from sales@company.test/Inbox 
2026-09-03 05:07:49,908 1 INFO rehearse odoo.addons.pan_mail_pro.models.pan_mail_fetcher: [Incoming Mail] Processing message <inbound-001@example.com> 
2026-09-03 05:07:49,912 1 INFO rehearse odoo.addons.pan_mail_pro.models.pan_mail_matcher: [Mail Matcher] unmatched — No rule reached the routing threshold (0 proposal(s)) 
2026-09-03 05:07:49,912 1 INFO rehearse odoo.addons.pan_mail_pro.models.pan_mail_fetcher: [Incoming Mail] Routing to contact chatter for mailbox sales@company.test 
2026-09-03 05:07:49,939 1 INFO rehearse odoo.addons.pan_mail_pro.models.pan_mail_fetcher: [Incoming Mail] Successfully processed: <inbound-001@example.com> -> res.partner/78 
2026-09-03 05:07:49,941 1 INFO rehearse odoo.addons.pan_mail_pro.models.providers.microsoft.graph_client: [Graph API] Fetched 0 messages from sales@company.test/SentItems 
2026-09-03 05:07:49,941 1 INFO rehearse odoo.addons.pan_mail_pro.models.pan_mail_fetcher: [Incoming Mail] Processed 1 message(s) from sales@company.test 
2026-09-03 05:07:49,943 1 INFO rehearse odoo.addons.pan_mail_pro.tests.test_incoming_sync: Starting TestIncomingSync.test_threaded_reply_keeps_its_own_date ... 
2026-09-03 05:07:49,946 1 INFO rehearse odoo.addons.pan_mail_pro.models.pan_mail_fetcher: [Incoming Mail] Processing mailbox: sales@company.test 
2026-09-03 05:07:49,948 1 INFO rehearse odoo.addons.pan_mail_pro.models.providers.microsoft.graph_client: [Graph API] Fetched 1 messages from sales@company.test/Inbox 
2026-09-03 05:07:49,957 1 INFO rehearse odoo.addons.pan_mail_pro.models.pan_mail_fetcher: [Incoming Mail] Processing message <inbound-001@example.com> 
2026-09-03 05:07:49,961 1 INFO rehearse odoo.addons.pan_mail_pro.models.pan_mail_matcher: [Mail Matcher] unmatched — No rule reached the routing threshold (0 proposal(s)) 
2026-09-03 05:07:49,962 1 INFO rehearse odoo.addons.pan_mail_pro.models.pan_mail_fetcher: [Incoming Mail] Routing to contact chatter for mailbox sales@company.test 
2026-09-03 05:07:49,988 1 INFO rehearse odoo.addons.pan_mail_pro.models.pan_mail_fetcher: [Incoming Mail] Successfully processed: <inbound-001@example.com> -> res.partner/78 
2026-09-03 05:07:49,991 1 INFO rehearse odoo.addons.pan_mail_pro.models.providers.microsoft.graph_client: [Graph API] Fetched 0 messages from sales@company.test/SentItems 
2026-09-03 05:07:49,991 1 INFO rehearse odoo.addons.pan_mail_pro.models.pan_mail_fetcher: [Incoming Mail] Processed 1 message(s) from sales@company.test 
2026-09-03 05:07:49,993 1 INFO rehearse odoo.addons.pan_mail_pro.models.pan_mail_fetcher: [Incoming Mail] Processing mailbox: sales@company.test 
2026-09-03 05:07:49,994 1 INFO rehearse odoo.addons.pan_mail_pro.models.providers.microsoft.graph_client: [Graph API] Fetched 1 messages from sales@company.test/Inbox 
2026-09-03 05:07:49,998 1 INFO rehearse odoo.addons.pan_mail_pro.models.pan_mail_fetcher: [Incoming Mail] Processing message <inbound-002@example.com> 
2026-09-03 05:07:50,001 1 INFO rehearse odoo.addons.pan_mail_pro.models.pan_mail_matcher: [Mail Matcher] res.partner/78 via references (1.00) — Replies to <inbound-001@example.com> 
2026-09-03 05:07:50,007 1 INFO rehearse odoo.addons.pan_mail_pro.models.pan_mail_fetcher: [Incoming Mail] Threaded onto res.partner/78 by rule 'references' 
2026-09-03 05:07:50,013 1 INFO rehearse odoo.addons.pan_mail_pro.models.pan_mail_fetcher: [Incoming Mail] Successfully processed: <inbound-002@example.com> -> res.partner/78 
2026-09-03 05:07:50,015 1 INFO rehearse odoo.addons.pan_mail_pro.models.providers.microsoft.graph_client: [Graph API] Fetched 0 messages from sales@company.test/SentItems 
2026-09-03 05:07:50,016 1 INFO rehearse odoo.addons.pan_mail_pro.models.pan_mail_fetcher: [Incoming Mail] Processed 1 message(s) from sales@company.test 
2026-09-03 05:07:50,021 1 INFO rehearse odoo.addons.base.models.ir_attachment: filestore gc 7 checked, 7 removed 
2026-09-03 05:07:50,479 1 INFO rehearse odoo.addons.pan_mail_pro.models.encryption_utils: [Encryption] Generated a new encryption key. Credentials are stored encrypted in the database. 
2026-09-03 05:07:50,493 1 INFO rehearse odoo.addons.pan_mail_pro.models.pan_mail_mailbox: [Mail Pro] SMTP takeover active — all email routes through the provider API 
2026-09-03 05:07:50,537 1 INFO rehearse odoo.addons.pan_mail_pro.tests.test_incoming_sync_gmail: Starting TestGmailIncomingSync.test_inbound_gmail_lands_on_partner_chatter ... 
2026-09-03 05:07:50,619 1 INFO rehearse odoo.addons.pan_mail_pro.models.pan_mail_fetcher: [Incoming Mail] Processing mailbox: gmail_sync@test.local 
2026-09-03 05:07:50,646 1 INFO rehearse odoo.addons.pan_mail_pro.models.pan_mail_fetcher: [Incoming Mail] Processing message <inbound-gmail-001@example.com> 
2026-09-03 05:07:50,651 1 INFO rehearse odoo.addons.pan_mail_pro.models.pan_mail_matcher: [Mail Matcher] unmatched — No rule reached the routing threshold (0 proposal(s)) 
2026-09-03 05:07:50,651 1 INFO rehearse odoo.addons.pan_mail_pro.models.pan_mail_fetcher: [Incoming Mail] Routing to contact chatter for mailbox gmail_sync@test.local 
2026-09-03 05:07:50,678 1 INFO rehearse odoo.addons.pan_mail_pro.models.pan_mail_fetcher: [Incoming Mail] Successfully processed: <inbound-gmail-001@example.com> -> res.partner/85 
2026-09-03 05:07:50,680 1 INFO rehearse odoo.addons.pan_mail_pro.models.pan_mail_fetcher: [Incoming Mail] Processed 1 message(s) from gmail_sync@test.local 
2026-09-03 05:07:50,683 1 INFO rehearse odoo.addons.pan_mail_pro.tests.test_incoming_sync_gmail: Starting TestGmailIncomingSync.test_inbound_gmail_stores_message_id_for_threading ... 
2026-09-03 05:07:50,793 1 INFO rehearse odoo.addons.pan_mail_pro.models.pan_mail_fetcher: [Incoming Mail] Processing mailbox: gmail_sync@test.local 
2026-09-03 05:07:50,815 1 INFO rehearse odoo.addons.pan_mail_pro.models.pan_mail_fetcher: [Incoming Mail] Processing message <inbound-gmail-001@example.com> 
2026-09-03 05:07:50,819 1 INFO rehearse odoo.addons.pan_mail_pro.models.pan_mail_matcher: [Mail Matcher] unmatched — No rule reached the routing threshold (0 proposal(s)) 
2026-09-03 05:07:50,819 1 INFO rehearse odoo.addons.pan_mail_pro.models.pan_mail_fetcher: [Incoming Mail] Routing to contact chatter for mailbox gmail_sync@test.local 
2026-09-03 05:07:50,846 1 INFO rehearse odoo.addons.pan_mail_pro.models.pan_mail_fetcher: [Incoming Mail] Successfully processed: <inbound-gmail-001@example.com> -> res.partner/85 
2026-09-03 05:07:50,848 1 INFO rehearse odoo.addons.pan_mail_pro.models.pan_mail_fetcher: [Incoming Mail] Processed 1 message(s) from gmail_sync@test.local 
2026-09-03 05:07:50,851 1 INFO rehearse odoo.addons.pan_mail_pro.tests.test_incoming_sync_gmail: Starting TestGmailIncomingSync.test_odoo_originated_gmail_is_not_reimported ... 
2026-09-03 05:07:50,963 1 INFO rehearse odoo.addons.pan_mail_pro.models.pan_mail_fetcher: [Incoming Mail] Processing mailbox: gmail_sync@test.local 
2026-09-03 05:07:50,985 1 INFO rehearse odoo.addons.pan_mail_pro.models.pan_mail_fetcher: [Incoming Mail] Refused <inbound-gmail-001@example.com> at _gate_odoo_originated: odoo_originated 
2026-09-03 05:07:50,987 1 INFO rehearse odoo.addons.pan_mail_pro.models.pan_mail_fetcher: [Incoming Mail] Processed 0 message(s) from gmail_sync@test.local 
2026-09-03 05:07:50,989 1 INFO rehearse odoo.addons.pan_mail_pro.tests.test_incoming_sync_gmail: Starting TestGmailIncomingSync.test_reply_threads_onto_the_same_record ... 
2026-09-03 05:07:51,099 1 INFO rehearse odoo.addons.pan_mail_pro.models.pan_mail_fetcher: [Incoming Mail] Processing mailbox: gmail_sync@test.local 
2026-09-03 05:07:51,121 1 INFO rehearse odoo.addons.pan_mail_pro.models.pan_mail_fetcher: [Incoming Mail] Processing message <inbound-gmail-001@example.com> 
2026-09-03 05:07:51,125 1 INFO rehearse odoo.addons.pan_mail_pro.models.pan_mail_matcher: [Mail Matcher] unmatched — No rule reached the routing threshold (0 proposal(s)) 
2026-09-03 05:07:51,126 1 INFO rehearse odoo.addons.pan_mail_pro.models.pan_mail_fetcher: [Incoming Mail] Routing to contact chatter for mailbox gmail_sync@test.local 
2026-09-03 05:07:51,153 1 INFO rehearse odoo.addons.pan_mail_pro.models.pan_mail_fetcher: [Incoming Mail] Successfully processed: <inbound-gmail-001@example.com> -> res.partner/85 
2026-09-03 05:07:51,156 1 INFO rehearse odoo.addons.pan_mail_pro.models.pan_mail_fetcher: [Incoming Mail] Processed 1 message(s) from gmail_sync@test.local 
2026-09-03 05:07:51,158 1 INFO rehearse odoo.addons.pan_mail_pro.models.pan_mail_fetcher: [Incoming Mail] Processing mailbox: gmail_sync@test.local 
2026-09-03 05:07:51,164 1 INFO rehearse odoo.addons.pan_mail_pro.models.pan_mail_fetcher: [Incoming Mail] Processing message <inbound-gmail-002@example.com> 
2026-09-03 05:07:51,167 1 INFO rehearse odoo.addons.pan_mail_pro.models.pan_mail_matcher: [Mail Matcher] res.partner/85 via references (1.00) — Replies to <inbound-gmail-001@example.com> 
2026-09-03 05:07:51,172 1 INFO rehearse odoo.addons.pan_mail_pro.models.pan_mail_fetcher: [Incoming Mail] Threaded onto res.partner/85 by rule 'references' 
2026-09-03 05:07:51,177 1 INFO rehearse odoo.addons.pan_mail_pro.models.pan_mail_fetcher: [Incoming Mail] Successfully processed: <inbound-gmail-002@example.com> -> res.partner/85 
2026-09-03 05:07:51,180 1 INFO rehearse odoo.addons.pan_mail_pro.models.pan_mail_fetcher: [Incoming Mail] Processed 1 message(s) from gmail_sync@test.local 
2026-09-03 05:07:51,183 1 INFO rehearse odoo.addons.pan_mail_pro.tests.test_incoming_sync_gmail: Starting TestGmailIncomingSync.test_second_sync_does_not_duplicate ... 
2026-09-03 05:07:51,295 1 INFO rehearse odoo.addons.pan_mail_pro.models.pan_mail_fetcher: [Incoming Mail] Processing mailbox: gmail_sync@test.local 
2026-09-03 05:07:51,317 1 INFO rehearse odoo.addons.pan_mail_pro.models.pan_mail_fetcher: [Incoming Mail] Processing message <inbound-gmail-001@example.com> 
2026-09-03 05:07:51,322 1 INFO rehearse odoo.addons.pan_mail_pro.models.pan_mail_matcher: [Mail Matcher] unmatched — No rule reached the routing threshold (0 proposal(s)) 
2026-09-03 05:07:51,322 1 INFO rehearse odoo.addons.pan_mail_pro.models.pan_mail_fetcher: [Incoming Mail] Routing to contact chatter for mailbox gmail_sync@test.local 
2026-09-03 05:07:51,346 1 INFO rehearse odoo.addons.pan_mail_pro.models.pan_mail_fetcher: [Incoming Mail] Successfully processed: <inbound-gmail-001@example.com> -> res.partner/85 
2026-09-03 05:07:51,349 1 INFO rehearse odoo.addons.pan_mail_pro.models.pan_mail_fetcher: [Incoming Mail] Processed 1 message(s) from gmail_sync@test.local 
2026-09-03 05:07:51,351 1 INFO rehearse odoo.addons.pan_mail_pro.models.pan_mail_fetcher: [Incoming Mail] Processing mailbox: gmail_sync@test.local 
2026-09-03 05:07:51,358 1 INFO rehearse odoo.addons.pan_mail_pro.models.pan_mail_fetcher: [Incoming Mail] Processed 0 message(s) from gmail_sync@test.local 
2026-09-03 05:07:51,360 1 INFO rehearse odoo.addons.pan_mail_pro.tests.test_incoming_sync_gmail: Starting TestGmailIncomingSync.test_sync_asks_gmail_for_the_inbox_and_sent_labels ... 
2026-09-03 05:07:51,469 1 INFO rehearse odoo.addons.pan_mail_pro.models.pan_mail_fetcher: [Incoming Mail] Processing mailbox: gmail_sync@test.local 
2026-09-03 05:07:51,491 1 INFO rehearse odoo.addons.pan_mail_pro.models.pan_mail_fetcher: [Incoming Mail] Processing message <inbound-gmail-001@example.com> 
2026-09-03 05:07:51,496 1 INFO rehearse odoo.addons.pan_mail_pro.models.pan_mail_matcher: [Mail Matcher] unmatched — No rule reached the routing threshold (0 proposal(s)) 
2026-09-03 05:07:51,496 1 INFO rehearse odoo.addons.pan_mail_pro.models.pan_mail_fetcher: [Incoming Mail] Routing to contact chatter for mailbox gmail_sync@test.local 
2026-09-03 05:07:51,523 1 INFO rehearse odoo.addons.pan_mail_pro.models.pan_mail_fetcher: [Incoming Mail] Successfully processed: <inbound-gmail-001@example.com> -> res.partner/85 
2026-09-03 05:07:51,526 1 INFO rehearse odoo.addons.pan_mail_pro.models.pan_mail_fetcher: [Incoming Mail] Processed 1 message(s) from gmail_sync@test.local 
2026-09-03 05:07:51,530 1 INFO rehearse odoo.addons.base.models.ir_attachment: filestore gc 5 checked, 5 removed 
2026-09-03 05:07:51,532 1 INFO rehearse odoo.addons.pan_mail_pro.tests.test_internal_domains: Starting TestInternalDomainParsing.test_drops_duplicates_and_junk ... 
2026-09-03 05:07:51,533 1 INFO rehearse odoo.addons.pan_mail_pro.tests.test_internal_domains: Starting TestInternalDomainParsing.test_parses_separators_and_case ... 
2026-09-03 05:07:51,534 1 INFO rehearse odoo.addons.pan_mail_pro.tests.test_internal_domains: Starting TestInternalDomainParsing.test_roundtrip ... 
2026-09-03 05:07:51,537 1 INFO rehearse odoo.addons.pan_mail_pro.tests.test_internal_domains: Starting TestInternalDomainParsing.test_strips_at_sign_and_full_addresses ... 
2026-09-03 05:07:51,540 1 INFO rehearse odoo.addons.base.models.ir_attachment: filestore gc 0 checked, 0 removed 
2026-09-03 05:07:51,716 1 INFO rehearse odoo.addons.pan_mail_pro.models.mail_mail: [Outgoing Mail] No mailboxes configured — using Odoo's standard mail handling 
2026-09-03 05:07:51,721 1 INFO rehearse odoo.addons.auth_signup.models.res_users: Signup email sent for user <gate@test.local> to <gate@test.local> 
2026-09-03 05:07:51,730 1 INFO rehearse odoo.addons.pan_mail_pro.models.encryption_utils: [Encryption] Generated a new encryption key. Credentials are stored encrypted in the database. 
2026-09-03 05:07:51,741 1 INFO rehearse odoo.addons.pan_mail_pro.models.pan_mail_mailbox: [Mail Pro] SMTP takeover active — all email routes through the provider API 
2026-09-03 05:07:51,742 1 INFO rehearse odoo.addons.pan_mail_pro.tests.test_internal_domains: Starting TestInternalDomainGate.test_a_send_only_mailbox_is_blocked_too ... 
2026-09-03 05:07:51,756 1 INFO rehearse odoo.addons.pan_mail_pro.tests.test_internal_domains: Starting TestInternalDomainGate.test_cron_records_the_block_on_the_mailbox ... 
2026-09-03 05:07:51,768 1 INFO rehearse odoo.addons.pan_mail_pro.models.pan_mail_fetcher: [Incoming Mail] Starting sync for 1 mailbox(es) 
2026-09-03 05:07:51,769 1 INFO rehearse odoo.addons.pan_mail_pro.models.pan_mail_fetcher: [Incoming Mail] Processing mailbox: support@gate.test 
2026-09-03 05:07:51,776 1 ERROR rehearse odoo.addons.pan_mail_pro.models.pan_mail_fetcher: [Incoming Mail] Error processing mailbox support@gate.test 
Traceback (most recent call last):
  File "/mnt/extra-addons/pan_mail_pro/models/pan_mail_fetcher.py", line 113, in _cron_fetch_incoming_mail
    self._process_mailbox(mailbox)
  File "/mnt/extra-addons/pan_mail_pro/models/pan_mail_fetcher.py", line 146, in _process_mailbox
    raise UserError(gate)
odoo.exceptions.UserError: No internal email domains are configured. Mail Pro cannot be used yet, because without them it cannot tell your colleagues from your customers — and every internal email, confidential ones included, would be copied into Odoo.

Go to Settings → Mail Pro → Internal Domains and enter your company domains, or explicitly enable "Sync internal email" if that is what you want.
2026-09-03 05:07:51,777 1 INFO rehearse odoo.addons.pan_mail_pro.models.pan_mail_fetcher: [Incoming Mail] Sync completed 
2026-09-03 05:07:51,778 1 INFO rehearse odoo.addons.pan_mail_pro.tests.test_internal_domains: Starting TestInternalDomainGate.test_domains_let_a_send_only_mailbox_through ... 
2026-09-03 05:07:51,785 1 INFO rehearse odoo.addons.pan_mail_pro.tests.test_internal_domains: Starting TestInternalDomainGate.test_enabling_sync_with_domains_is_allowed ... 
2026-09-03 05:07:51,793 1 INFO rehearse odoo.addons.pan_mail_pro.tests.test_internal_domains: Starting TestInternalDomainGate.test_enabling_sync_without_domains_is_refused ... 
2026-09-03 05:07:51,803 1 INFO rehearse odoo.addons.pan_mail_pro.tests.test_internal_domains: Starting TestInternalDomainGate.test_explicit_opt_out_unblocks ... 
2026-09-03 05:07:51,810 1 INFO rehearse odoo.addons.pan_mail_pro.tests.test_internal_domains: Starting TestInternalDomainGate.test_sync_run_refuses_when_domains_removed_later ... 
2026-09-03 05:07:51,817 1 INFO rehearse odoo.addons.pan_mail_pro.models.pan_mail_fetcher: [Incoming Mail] Processing mailbox: support@gate.test 
2026-09-03 05:07:51,826 1 INFO rehearse odoo.addons.base.models.ir_attachment: filestore gc 1 checked, 1 removed 
2026-09-03 05:07:51,838 1 INFO rehearse odoo.addons.pan_mail_pro.models.pan_mail_mailbox: [Mail Pro] SMTP takeover active — all email routes through the provider API 
2026-09-03 05:07:51,838 1 INFO rehearse odoo.addons.pan_mail_pro.tests.test_internal_domains: Starting TestInternalDomainFiltering.test_empty_list_no_longer_means_nothing_is_internal ... 
2026-09-03 05:07:51,845 1 INFO rehearse odoo.addons.pan_mail_pro.tests.test_internal_domains: Starting TestInternalDomainFiltering.test_external_sender_is_kept ... 
2026-09-03 05:07:51,848 1 INFO rehearse odoo.addons.pan_mail_pro.tests.test_internal_domains: Starting TestInternalDomainFiltering.test_global_opt_out_keeps_everything ... 
2026-09-03 05:07:51,852 1 INFO rehearse odoo.addons.pan_mail_pro.tests.test_internal_domains: Starting TestInternalDomainFiltering.test_internal_sender_is_skipped ... 
2026-09-03 05:07:51,854 1 INFO rehearse odoo.addons.pan_mail_pro.tests.test_internal_domains: Starting TestInternalDomainFiltering.test_per_mailbox_opt_out_keeps_everything_for_that_mailbox ... 
2026-09-03 05:07:51,857 1 INFO rehearse odoo.addons.base.models.ir_attachment: filestore gc 0 checked, 0 removed 
2026-09-03 05:07:51,868 1 INFO rehearse odoo.addons.pan_mail_pro.models.pan_mail_mailbox: [Mail Pro] SMTP takeover active — all email routes through the provider API 
2026-09-03 05:07:51,868 1 INFO rehearse odoo.addons.pan_mail_pro.tests.test_internal_domains: Starting TestInternalDomainSuggestions.test_mailbox_domains_are_suggested ... 
2026-09-03 05:07:51,876 1 INFO rehearse odoo.addons.pan_mail_pro.tests.test_internal_domains: Starting TestInternalDomainSuggestions.test_nothing_uncovered_when_list_matches ... 
2026-09-03 05:07:51,887 1 INFO rehearse odoo.addons.pan_mail_pro.tests.test_internal_domains: Starting TestInternalDomainSuggestions.test_uncovered_mailbox_domain_is_reported ... 
2026-09-03 05:07:51,896 1 INFO rehearse odoo.addons.base.models.ir_attachment: filestore gc 0 checked, 0 removed 
2026-09-03 05:07:51,907 1 INFO rehearse odoo.addons.pan_mail_pro.models.pan_mail_mailbox: [Mail Pro] SMTP takeover active — all email routes through the provider API 
2026-09-03 05:07:52,028 1 INFO rehearse odoo.addons.pan_mail_pro.tests.test_internal_domains: Starting TestInternalDomainCompleteness.test_a_colleagues_domain_is_suggested ... 
2026-09-03 05:07:52,042 1 INFO rehearse odoo.addons.pan_mail_pro.tests.test_internal_domains: Starting TestInternalDomainCompleteness.test_a_customer_with_a_login_is_not_the_company ... 
2026-09-03 05:07:52,150 1 INFO rehearse odoo.addons.pan_mail_pro.tests.test_internal_domains: Starting TestInternalDomainCompleteness.test_a_list_missing_our_own_domain_is_incomplete ... 
2026-09-03 05:07:52,160 1 INFO rehearse odoo.addons.pan_mail_pro.tests.test_internal_domains: Starting TestInternalDomainCompleteness.test_a_personal_address_does_not_drag_its_provider_in ... 
2026-09-03 05:07:52,311 1 INFO rehearse odoo.addons.pan_mail_pro.tests.test_internal_domains: Starting TestInternalDomainCompleteness.test_an_empty_list_is_absent_rather_than_incomplete ... 
2026-09-03 05:07:52,318 1 INFO rehearse odoo.addons.pan_mail_pro.tests.test_internal_domains: Starting TestInternalDomainCompleteness.test_applying_the_suggestion_always_makes_the_list_complete ... 
2026-09-03 05:07:52,331 1 INFO rehearse odoo.addons.pan_mail_pro.tests.test_internal_domains: Starting TestInternalDomainCompleteness.test_saving_settings_accepts_a_complete_list ... 
2026-09-03 05:07:52,893 1 INFO rehearse odoo.addons.pan_mail_pro.tests.test_internal_domains: Starting TestInternalDomainCompleteness.test_saving_settings_refuses_an_incomplete_list ... 
2026-09-03 05:07:53,270 1 INFO rehearse odoo.addons.base.models.ir_attachment: filestore gc 2 checked, 2 removed 
2026-09-03 05:07:53,741 1 INFO rehearse odoo.addons.pan_mail_pro.models.encryption_utils: [Encryption] Generated a new encryption key. Credentials are stored encrypted in the database. 
2026-09-03 05:07:53,755 1 INFO rehearse odoo.addons.pan_mail_pro.models.pan_mail_mailbox: [Mail Pro] SMTP takeover active — all email routes through the provider API 
2026-09-03 05:07:53,799 1 INFO rehearse odoo.addons.pan_mail_pro.tests.test_internal_notes: Starting TestInternalNotes.test_internal_note_on_crm_lead_no_outbound_mail ... 
2026-09-03 05:07:53,843 1 INFO rehearse odoo.addons.pan_mail_pro.tests.test_internal_notes: Starting TestInternalNotes.test_internal_note_on_partner_creates_no_outbound_mail ... 
2026-09-03 05:07:53,871 1 INFO rehearse odoo.addons.pan_mail_pro.tests.test_internal_notes: Starting TestInternalNotes.test_internal_note_on_sale_order_no_outbound_mail ... 
2026-09-03 05:07:53,960 1 INFO rehearse odoo.addons.pan_mail_pro.tests.test_internal_notes: Starting TestInternalNotes.test_internal_note_with_email_user_mention_uses_notification_mailbox ... 
2026-09-03 05:07:54,054 1 INFO rehearse odoo.addons.pan_mail_pro.models.mail_mail: [Outgoing Mail] Email 53 IS internal user notification to Other User 
2026-09-03 05:07:54,057 1 INFO rehearse odoo.addons.pan_mail_pro.models.mail_mail: [Outgoing Mail] Processing email 53 
2026-09-03 05:07:54,059 1 INFO rehearse odoo.addons.pan_mail_pro.models.mail_mail: [Outgoing Mail] Email 53 IS internal user notification to Other User 
2026-09-03 05:07:54,062 1 INFO rehearse odoo.addons.pan_mail_pro.models.providers.microsoft.graph_client: [Graph API] Using delegated token for notif_owner@test.local to send from mailbox: notifications@company.test 
2026-09-03 05:07:54,063 1 INFO rehearse odoo.addons.pan_mail_pro.models.providers.microsoft.graph_client: [Graph API] Sending email from notifications@company.test to ['other@test.local'] cc [] 
2026-09-03 05:07:54,063 1 INFO rehearse odoo.addons.pan_mail_pro.models.providers.microsoft.graph_client: [Graph API] Created draft - Message-ID: <msg@test>, Conversation-ID: CONV_ID 
2026-09-03 05:07:54,064 1 INFO rehearse odoo.addons.pan_mail_pro.models.providers.microsoft.graph_client: [Graph API] Successfully sent email <msg@test> 
2026-09-03 05:07:54,078 1 INFO rehearse odoo.addons.pan_mail_pro.models.mail_mail: [Outgoing Mail] Mail 53 sent from notifications@company.test (message <msg@test>, thread CONV_ID) 
2026-09-03 05:07:54,081 1 INFO rehearse odoo.addons.pan_mail_pro.tests.test_internal_notes: Starting TestInternalNotes.test_internal_note_with_inbox_user_mention_no_email ... 
2026-09-03 05:07:54,142 1 INFO rehearse odoo.addons.base.models.ir_attachment: filestore gc 4 checked, 4 removed 
2026-09-03 05:07:54,341 1 INFO rehearse odoo.addons.pan_mail_pro.models.mail_mail: [Outgoing Mail] No mailboxes configured — using Odoo's standard mail handling 
2026-09-03 05:07:54,349 1 INFO rehearse odoo.addons.auth_signup.models.res_users: Signup email sent for user <account_owner@test.local> to <account_owner@test.local> 
2026-09-03 05:07:54,358 1 INFO rehearse odoo.addons.pan_mail_pro.tests.test_mail_account: Starting TestMailAccount.test_a_reauthorization_keeps_a_refresh_token_it_was_not_given ... 
2026-09-03 05:07:54,365 1 INFO rehearse odoo.addons.pan_mail_pro.models.encryption_utils: [Encryption] Generated a new encryption key. Credentials are stored encrypted in the database. 
2026-09-03 05:07:54,374 1 INFO rehearse odoo.addons.pan_mail_pro.tests.test_mail_account: Starting TestMailAccount.test_archived_user_keeps_readable_credentials ... 
2026-09-03 05:07:54,381 1 INFO rehearse odoo.addons.pan_mail_pro.models.encryption_utils: [Encryption] Generated a new encryption key. Credentials are stored encrypted in the database. 
2026-09-03 05:07:54,387 1 INFO rehearse odoo.addons.pan_mail_pro.tests.test_mail_account: Starting TestMailAccount.test_connected_follows_the_refresh_token ... 
2026-09-03 05:07:54,394 1 INFO rehearse odoo.addons.pan_mail_pro.models.encryption_utils: [Encryption] Generated a new encryption key. Credentials are stored encrypted in the database. 
2026-09-03 05:07:54,396 1 INFO rehearse odoo.addons.pan_mail_pro.tests.test_mail_account: Starting TestMailAccount.test_disconnect_clears_the_account ... 
2026-09-03 05:07:54,402 1 INFO rehearse odoo.addons.pan_mail_pro.models.encryption_utils: [Encryption] Generated a new encryption key. Credentials are stored encrypted in the database. 
2026-09-03 05:07:54,411 1 INFO rehearse odoo.addons.pan_mail_pro.tests.test_mail_account: Starting TestMailAccount.test_disconnecting_one_provider_keeps_the_other ... 
2026-09-03 05:07:54,417 1 INFO rehearse odoo.addons.pan_mail_pro.models.encryption_utils: [Encryption] Generated a new encryption key. Credentials are stored encrypted in the database. 
2026-09-03 05:07:54,427 1 INFO rehearse odoo.addons.pan_mail_pro.tests.test_mail_account: Starting TestMailAccount.test_many_service_accounts_can_coexist ... 
2026-09-03 05:07:54,433 1 INFO rehearse odoo.addons.pan_mail_pro.tests.test_mail_account: Starting TestMailAccount.test_service_account_needs_no_user ... 
2026-09-03 05:07:54,437 1 INFO rehearse odoo.addons.pan_mail_pro.tests.test_mail_account: Starting TestMailAccount.test_stored_connection_flag_follows_the_account ... 
2026-09-03 05:07:54,443 1 INFO rehearse odoo.addons.pan_mail_pro.models.encryption_utils: [Encryption] Generated a new encryption key. Credentials are stored encrypted in the database. 
2026-09-03 05:07:54,445 1 INFO rehearse odoo.addons.pan_mail_pro.tests.test_mail_account: Starting TestMailAccount.test_the_oauth_callback_lands_on_an_account ... 
2026-09-03 05:07:54,620 1 INFO rehearse odoo.addons.pan_mail_pro.models.mail_mail: [Outgoing Mail] No mailboxes configured — using Odoo's standard mail handling 
2026-09-03 05:07:54,626 1 INFO rehearse odoo.addons.auth_signup.models.res_users: Signup email sent for user <fresh@test.local> to <fresh@test.local> 
2026-09-03 05:07:54,636 1 INFO rehearse odoo.addons.pan_mail_pro.models.encryption_utils: [Encryption] Generated a new encryption key. Credentials are stored encrypted in the database. 
2026-09-03 05:07:54,639 1 INFO rehearse odoo.addons.pan_mail_pro.tests.test_mail_account: Starting TestMailAccount.test_tokens_are_not_stored_in_plain_text ... 
2026-09-03 05:07:54,643 1 INFO rehearse odoo.addons.pan_mail_pro.models.encryption_utils: [Encryption] Generated a new encryption key. Credentials are stored encrypted in the database. 
2026-09-03 05:07:54,645 1 INFO rehearse odoo.addons.pan_mail_pro.tests.test_mail_account: Starting TestMailAccount.test_tokens_round_trip_through_encryption ... 
2026-09-03 05:07:54,650 1 INFO rehearse odoo.addons.pan_mail_pro.models.encryption_utils: [Encryption] Generated a new encryption key. Credentials are stored encrypted in the database. 
2026-09-03 05:07:54,653 1 INFO rehearse odoo.addons.pan_mail_pro.tests.test_mail_account: Starting TestMailAccount.test_user_cannot_have_two_accounts_on_one_provider ... 
2026-09-03 05:07:54,662 1 INFO rehearse odoo.addons.base.models.ir_attachment: filestore gc 2 checked, 2 removed 
2026-09-03 05:07:55,097 1 INFO rehearse odoo.addons.pan_mail_pro.models.encryption_utils: [Encryption] Generated a new encryption key. Credentials are stored encrypted in the database. 
2026-09-03 05:07:55,112 1 INFO rehearse odoo.addons.pan_mail_pro.models.pan_mail_mailbox: [Mail Pro] SMTP takeover active — all email routes through the provider API 
2026-09-03 05:07:55,155 1 INFO rehearse odoo.addons.pan_mail_pro.tests.test_mail_coverage: Starting TestMailCoverage.test_counts ... 
2026-09-03 05:07:55,181 1 INFO rehearse odoo.addons.pan_mail_pro.tests.test_mail_coverage: Starting TestMailCoverage.test_drill_down_keeps_the_period ... 
2026-09-03 05:07:55,212 1 INFO rehearse odoo.addons.pan_mail_pro.tests.test_mail_coverage: Starting TestMailCoverage.test_drill_down_matches_the_count ... 
2026-09-03 05:07:55,248 1 INFO rehearse odoo.addons.pan_mail_pro.tests.test_mail_coverage: Starting TestMailCoverage.test_notes_and_logs_are_not_counted ... 
2026-09-03 05:07:55,278 1 INFO rehearse odoo.addons.pan_mail_pro.tests.test_mail_coverage: Starting TestMailCoverage.test_ratio ... 
2026-09-03 05:07:55,304 1 INFO rehearse odoo.addons.pan_mail_pro.tests.test_mail_coverage: Starting TestMailCoverage.test_ratio_is_zero_on_an_empty_database ... 
2026-09-03 05:07:55,353 1 INFO rehearse odoo.models.unlink: User #1 deleted mail.message records with IDs: [269, 268, 267, 266, 265] 
2026-09-03 05:07:55,361 1 INFO rehearse odoo.addons.base.models.ir_attachment: filestore gc 4 checked, 4 removed 
2026-09-03 05:07:55,839 1 INFO rehearse odoo.addons.pan_mail_pro.models.encryption_utils: [Encryption] Generated a new encryption key. Credentials are stored encrypted in the database. 
2026-09-03 05:07:55,854 1 INFO rehearse odoo.addons.pan_mail_pro.models.pan_mail_mailbox: [Mail Pro] SMTP takeover active — all email routes through the provider API 
2026-09-03 05:07:55,898 1 INFO rehearse odoo.addons.pan_mail_pro.tests.test_mail_item: Starting TestMailItemRecording.test_blocked_contact_is_not_queued ... 
2026-09-03 05:07:55,909 1 INFO rehearse odoo.addons.pan_mail_pro.models.pan_mail_fetcher: [Incoming Mail] Processing mailbox: sales@company.test 
2026-09-03 05:07:55,911 1 INFO rehearse odoo.addons.pan_mail_pro.models.providers.microsoft.graph_client: [Graph API] Fetched 1 messages from sales@company.test/Inbox 
2026-09-03 05:07:55,918 1 INFO rehearse odoo.addons.pan_mail_pro.models.pan_mail_fetcher: [Incoming Mail] Refused <inbound-001@example.com> at _gate_blocked_contact: blocked_contact 
2026-09-03 05:07:55,920 1 INFO rehearse odoo.addons.pan_mail_pro.models.providers.microsoft.graph_client: [Graph API] Fetched 0 messages from sales@company.test/SentItems 
2026-09-03 05:07:55,920 1 INFO rehearse odoo.addons.pan_mail_pro.models.pan_mail_fetcher: [Incoming Mail] Processed 0 message(s) from sales@company.test 
2026-09-03 05:07:55,922 1 INFO rehearse odoo.addons.pan_mail_pro.tests.test_mail_item: Starting TestMailItemRecording.test_duplicate_is_not_queued ... 
2026-09-03 05:07:55,926 1 INFO rehearse odoo.addons.pan_mail_pro.models.pan_mail_fetcher: [Incoming Mail] Processing mailbox: sales@company.test 
2026-09-03 05:07:55,929 1 INFO rehearse odoo.addons.pan_mail_pro.models.providers.microsoft.graph_client: [Graph API] Fetched 1 messages from sales@company.test/Inbox 
2026-09-03 05:07:55,940 1 INFO rehearse odoo.addons.pan_mail_pro.models.pan_mail_fetcher: [Incoming Mail] Processing message <inbound-001@example.com> 
2026-09-03 05:07:55,944 1 INFO rehearse odoo.addons.pan_mail_pro.models.pan_mail_matcher: [Mail Matcher] unmatched — No rule reached the routing threshold (0 proposal(s)) 
2026-09-03 05:07:55,944 1 INFO rehearse odoo.addons.pan_mail_pro.models.pan_mail_fetcher: [Incoming Mail] Routing to contact chatter for mailbox sales@company.test 
2026-09-03 05:07:55,972 1 INFO rehearse odoo.addons.pan_mail_pro.models.pan_mail_fetcher: [Incoming Mail] Successfully processed: <inbound-001@example.com> -> res.partner/118 
2026-09-03 05:07:55,974 1 INFO rehearse odoo.addons.pan_mail_pro.models.providers.microsoft.graph_client: [Graph API] Fetched 0 messages from sales@company.test/SentItems 
2026-09-03 05:07:55,975 1 INFO rehearse odoo.addons.pan_mail_pro.models.pan_mail_fetcher: [Incoming Mail] Processed 1 message(s) from sales@company.test 
2026-09-03 05:07:55,976 1 INFO rehearse odoo.addons.pan_mail_pro.models.pan_mail_fetcher: [Incoming Mail] Processing mailbox: sales@company.test 
2026-09-03 05:07:55,977 1 INFO rehearse odoo.addons.pan_mail_pro.models.providers.microsoft.graph_client: [Graph API] Fetched 1 messages from sales@company.test/Inbox 
2026-09-03 05:07:55,982 1 INFO rehearse odoo.addons.pan_mail_pro.models.providers.microsoft.graph_client: [Graph API] Fetched 0 messages from sales@company.test/SentItems 
2026-09-03 05:07:55,983 1 INFO rehearse odoo.addons.pan_mail_pro.models.pan_mail_fetcher: [Incoming Mail] Processed 0 message(s) from sales@company.test 
2026-09-03 05:07:55,984 1 INFO rehearse odoo.addons.pan_mail_pro.tests.test_mail_item: Starting TestMailItemRecording.test_failure_is_recorded_and_survives_the_rollback ... 
2026-09-03 05:07:55,988 1 INFO rehearse odoo.addons.pan_mail_pro.models.pan_mail_fetcher: [Incoming Mail] Processing mailbox: sales@company.test 
2026-09-03 05:07:55,990 1 INFO rehearse odoo.addons.pan_mail_pro.models.providers.microsoft.graph_client: [Graph API] Fetched 1 messages from sales@company.test/Inbox 
2026-09-03 05:07:55,996 1 ERROR rehearse odoo.addons.pan_mail_pro.models.pan_mail_fetcher: [Incoming Mail] Error processing message AAMkAGI2_fake_graph_id 
Traceback (most recent call last):
  File "/mnt/extra-addons/pan_mail_pro/models/pan_mail_fetcher.py", line 226, in _fetch_folder
    if self._process_message(mailbox, message, folder):
       ^^^^^^^^^^^^^^^^^^^^^^^^^^^^^^^^^^^^^^^^^^^^^^^
  File "/mnt/extra-addons/pan_mail_pro/tests/test_mail_item.py", line 90, in boom
    raise ValueError('synthetic failure')
ValueError: synthetic failure
2026-09-03 05:07:56,004 1 INFO rehearse odoo.addons.pan_mail_pro.models.providers.microsoft.graph_client: [Graph API] Fetched 0 messages from sales@company.test/SentItems 
2026-09-03 05:07:56,004 1 INFO rehearse odoo.addons.pan_mail_pro.models.pan_mail_fetcher: [Incoming Mail] Processed 0 message(s) from sales@company.test 
2026-09-03 05:07:56,005 1 INFO rehearse odoo.addons.pan_mail_pro.tests.test_mail_item: Starting TestMailItemRecording.test_internal_user_sender_is_not_queued ... 
2026-09-03 05:07:56,021 1 INFO rehearse odoo.addons.pan_mail_pro.models.pan_mail_fetcher: [Incoming Mail] Processing mailbox: sales@company.test 
2026-09-03 05:07:56,023 1 INFO rehearse odoo.addons.pan_mail_pro.models.providers.microsoft.graph_client: [Graph API] Fetched 1 messages from sales@company.test/Inbox 
2026-09-03 05:07:56,034 1 INFO rehearse odoo.addons.pan_mail_pro.models.pan_mail_fetcher: [Incoming Mail] Processing message <inbound-001@example.com> 
2026-09-03 05:07:56,066 1 INFO rehearse odoo.addons.pan_mail_pro.models.pan_mail_fetcher: [Incoming Mail] Created new partner id=120 
2026-09-03 05:07:56,069 1 INFO rehearse odoo.addons.pan_mail_pro.models.pan_mail_matcher: [Mail Matcher] unmatched — No rule reached the routing threshold (0 proposal(s)) 
2026-09-03 05:07:56,070 1 INFO rehearse odoo.addons.pan_mail_pro.models.pan_mail_fetcher: [Incoming Mail] Routing to contact chatter for mailbox sales@company.test 
2026-09-03 05:07:56,087 1 INFO rehearse odoo.addons.pan_mail_pro.models.pan_mail_fetcher: [Incoming Mail] Successfully processed: <inbound-001@example.com> -> res.partner/120 
2026-09-03 05:07:56,089 1 INFO rehearse odoo.addons.pan_mail_pro.models.providers.microsoft.graph_client: [Graph API] Fetched 0 messages from sales@company.test/SentItems 
2026-09-03 05:07:56,089 1 INFO rehearse odoo.addons.pan_mail_pro.models.pan_mail_fetcher: [Incoming Mail] Processed 1 message(s) from sales@company.test 
2026-09-03 05:07:56,092 1 INFO rehearse odoo.addons.pan_mail_pro.tests.test_mail_item: Starting TestMailItemRecording.test_queue_stores_no_body ... 
2026-09-03 05:07:56,114 1 INFO rehearse odoo.models.unlink: User #1 deleted mail.message records with IDs: [270] 
2026-09-03 05:07:56,145 1 INFO rehearse odoo.models.unlink: User #1 deleted res.partner records with IDs: [118] 
2026-09-03 05:07:56,151 1 INFO rehearse odoo.addons.pan_mail_pro.models.pan_mail_fetcher: [Incoming Mail] Processing mailbox: sales@company.test 
2026-09-03 05:07:56,153 1 INFO rehearse odoo.addons.pan_mail_pro.models.providers.microsoft.graph_client: [Graph API] Fetched 1 messages from sales@company.test/Inbox 
2026-09-03 05:07:56,167 1 INFO rehearse odoo.addons.pan_mail_pro.models.pan_mail_fetcher: [Incoming Mail] Refused <inbound-001@example.com> at _gate_sync_mode: unknown_contact 
2026-09-03 05:07:56,174 1 INFO rehearse odoo.addons.pan_mail_pro.models.providers.microsoft.graph_client: [Graph API] Fetched 0 messages from sales@company.test/SentItems 
2026-09-03 05:07:56,174 1 INFO rehearse odoo.addons.pan_mail_pro.models.pan_mail_fetcher: [Incoming Mail] Processed 0 message(s) from sales@company.test 
2026-09-03 05:07:56,176 1 INFO rehearse odoo.addons.pan_mail_pro.tests.test_mail_item: Starting TestMailItemRecording.test_successfully_routed_mail_is_not_queued ... 
2026-09-03 05:07:56,181 1 INFO rehearse odoo.addons.pan_mail_pro.models.pan_mail_fetcher: [Incoming Mail] Processing mailbox: sales@company.test 
2026-09-03 05:07:56,184 1 INFO rehearse odoo.addons.pan_mail_pro.models.providers.microsoft.graph_client: [Graph API] Fetched 1 messages from sales@company.test/Inbox 
2026-09-03 05:07:56,199 1 INFO rehearse odoo.addons.pan_mail_pro.models.pan_mail_fetcher: [Incoming Mail] Processing message <inbound-001@example.com> 
2026-09-03 05:07:56,205 1 INFO rehearse odoo.addons.pan_mail_pro.models.pan_mail_matcher: [Mail Matcher] unmatched — No rule reached the routing threshold (0 proposal(s)) 
2026-09-03 05:07:56,205 1 INFO rehearse odoo.addons.pan_mail_pro.models.pan_mail_fetcher: [Incoming Mail] Routing to contact chatter for mailbox sales@company.test 
2026-09-03 05:07:56,249 1 INFO rehearse odoo.addons.pan_mail_pro.models.pan_mail_fetcher: [Incoming Mail] Successfully processed: <inbound-001@example.com> -> res.partner/118 
2026-09-03 05:07:56,252 1 INFO rehearse odoo.addons.pan_mail_pro.models.providers.microsoft.graph_client: [Graph API] Fetched 0 messages from sales@company.test/SentItems 
2026-09-03 05:07:56,252 1 INFO rehearse odoo.addons.pan_mail_pro.models.pan_mail_fetcher: [Incoming Mail] Processed 1 message(s) from sales@company.test 
2026-09-03 05:07:56,256 1 INFO rehearse odoo.addons.pan_mail_pro.tests.test_mail_item: Starting TestMailItemRecording.test_unknown_sender_under_known_partners_is_queued ... 
2026-09-03 05:07:56,284 1 INFO rehearse odoo.models.unlink: User #1 deleted mail.message records with IDs: [270] 
2026-09-03 05:07:56,301 1 INFO rehearse odoo.models.unlink: User #1 deleted res.partner records with IDs: [118] 
2026-09-03 05:07:56,305 1 INFO rehearse odoo.addons.pan_mail_pro.models.pan_mail_fetcher: [Incoming Mail] Processing mailbox: sales@company.test 
2026-09-03 05:07:56,307 1 INFO rehearse odoo.addons.pan_mail_pro.models.providers.microsoft.graph_client: [Graph API] Fetched 1 messages from sales@company.test/Inbox 
2026-09-03 05:07:56,318 1 INFO rehearse odoo.addons.pan_mail_pro.models.pan_mail_fetcher: [Incoming Mail] Refused <inbound-001@example.com> at _gate_sync_mode: unknown_contact 
2026-09-03 05:07:56,324 1 INFO rehearse odoo.addons.pan_mail_pro.models.providers.microsoft.graph_client: [Graph API] Fetched 0 messages from sales@company.test/SentItems 
2026-09-03 05:07:56,324 1 INFO rehearse odoo.addons.pan_mail_pro.models.pan_mail_fetcher: [Incoming Mail] Processed 0 message(s) from sales@company.test 
2026-09-03 05:07:56,329 1 INFO rehearse odoo.addons.base.models.ir_attachment: filestore gc 4 checked, 4 removed 
2026-09-03 05:07:56,839 1 INFO rehearse odoo.addons.pan_mail_pro.models.encryption_utils: [Encryption] Generated a new encryption key. Credentials are stored encrypted in the database. 
2026-09-03 05:07:56,855 1 INFO rehearse odoo.addons.pan_mail_pro.models.pan_mail_mailbox: [Mail Pro] SMTP takeover active — all email routes through the provider API 
2026-09-03 05:07:56,900 1 INFO rehearse odoo.addons.pan_mail_pro.tests.test_mail_item: Starting TestMailItemLifecycle.test_expiry_is_set_on_create ... 
2026-09-03 05:07:56,914 1 INFO rehearse odoo.addons.pan_mail_pro.tests.test_mail_item: Starting TestMailItemLifecycle.test_gc_leaves_live_items_alone ... 
2026-09-03 05:07:56,920 1 INFO rehearse odoo.addons.pan_mail_pro.tests.test_mail_item: Starting TestMailItemLifecycle.test_gc_removes_expired_items_whatever_their_state ... 
2026-09-03 05:07:56,931 1 INFO rehearse odoo.models.unlink: User #1 deleted pan.mail.item records with IDs: [14, 13] 
2026-09-03 05:07:56,932 1 INFO rehearse odoo.addons.pan_mail_pro.models.pan_mail_item: [Incoming Mail] Removed 2 expired triage item(s) 
2026-09-03 05:07:56,933 1 INFO rehearse odoo.addons.pan_mail_pro.tests.test_mail_item: Starting TestMailItemLifecycle.test_ignore_only_affects_pending ... 
2026-09-03 05:07:56,937 1 INFO rehearse odoo.addons.pan_mail_pro.tests.test_mail_item: Starting TestMailItemLifecycle.test_recording_never_raises ... 
2026-09-03 05:07:56,940 1 ERROR rehearse odoo.addons.pan_mail_pro.models.pan_mail_item: [Incoming Mail] Could not record triage item for None 
Traceback (most recent call last):
  File "/mnt/extra-addons/pan_mail_pro/models/pan_mail_item.py", line 177, in _record_skip
    return self.sudo().create({
           ^^^^^^^^^^^^^^^^^^^^
  File "/usr/lib/python3/dist-packages/odoo/orm/decorators.py", line 369, in create
    return method(self, vals_list)
           ^^^^^^^^^^^^^^^^^^^^^^^
  File "/mnt/extra-addons/pan_mail_pro/models/pan_mail_item.py", line 145, in create
    return super().create(vals_list)
           ^^^^^^^^^^^^^^^^^^^^^^^^^
  File "/usr/lib/python3/dist-packages/odoo/orm/decorators.py", line 369, in create
    return method(self, vals_list)
           ^^^^^^^^^^^^^^^^^^^^^^^
  File "/usr/lib/python3/dist-packages/odoo/orm/models.py", line 4711, in create
    records = self._create(data_list)
              ^^^^^^^^^^^^^^^^^^^^^^^
  File "/usr/lib/python3/dist-packages/odoo/orm/models.py", line 4870, in _create
    row.append(field.convert_to_column_insert(stored[fname], self, stored))
               ^^^^^^^^^^^^^^^^^^^^^^^^^^^^^^^^^^^^^^^^^^^^^^^^^^^^^^^^^^^
  File "/usr/lib/python3/dist-packages/odoo/orm/fields.py", line 1000, in convert_to_column_insert
    value = self.convert_to_column(value, record, values, validate)
            ^^^^^^^^^^^^^^^^^^^^^^^^^^^^^^^^^^^^^^^^^^^^^^^^^^^^^^^
  File "/usr/lib/python3/dist-packages/odoo/orm/fields_selection.py", line 225, in convert_to_column
    value = self.convert_to_cache(value, record)
            ^^^^^^^^^^^^^^^^^^^^^^^^^^^^^^^^^^^^
  File "/usr/lib/python3/dist-packages/odoo/orm/fields_selection.py", line 235, in convert_to_cache
    raise ValueError("Wrong value for %s: %r" % (self, value))
ValueError: Wrong value for pan.mail.item.reason: 'not_a_reason'
2026-09-03 05:07:56,944 1 INFO rehearse odoo.addons.pan_mail_pro.tests.test_mail_item: Starting TestMailItemLifecycle.test_retention_is_capped ... 
2026-09-03 05:07:56,950 1 INFO rehearse odoo.addons.pan_mail_pro.tests.test_mail_item: Starting TestMailItemLifecycle.test_same_message_is_recorded_once_per_mailbox ... 
2026-09-03 05:07:56,960 1 INFO rehearse odoo.addons.base.models.ir_attachment: filestore gc 4 checked, 4 removed 
2026-09-03 05:07:57,424 1 INFO rehearse odoo.addons.pan_mail_pro.models.encryption_utils: [Encryption] Generated a new encryption key. Credentials are stored encrypted in the database. 
2026-09-03 05:07:57,439 1 INFO rehearse odoo.addons.pan_mail_pro.models.pan_mail_mailbox: [Mail Pro] SMTP takeover active — all email routes through the provider API 
2026-09-03 05:07:57,481 1 INFO rehearse odoo.addons.pan_mail_pro.tests.test_mail_item: Starting TestMailItemImport.test_a_blocked_contact_leaves_the_item_pending ... 
2026-09-03 05:07:57,505 1 INFO rehearse odoo.models.unlink: User #1 deleted mail.message records with IDs: [278] 
2026-09-03 05:07:57,522 1 INFO rehearse odoo.models.unlink: User #1 deleted res.partner records with IDs: [133] 
2026-09-03 05:07:57,526 1 INFO rehearse odoo.addons.pan_mail_pro.models.pan_mail_fetcher: [Incoming Mail] Processing mailbox: sales@company.test 
2026-09-03 05:07:57,529 1 INFO rehearse odoo.addons.pan_mail_pro.models.providers.microsoft.graph_client: [Graph API] Fetched 1 messages from sales@company.test/Inbox 
2026-09-03 05:07:57,538 1 INFO rehearse odoo.addons.pan_mail_pro.models.pan_mail_fetcher: [Incoming Mail] Refused <inbound-001@example.com> at _gate_sync_mode: unknown_contact 
2026-09-03 05:07:57,543 1 INFO rehearse odoo.addons.pan_mail_pro.models.providers.microsoft.graph_client: [Graph API] Fetched 0 messages from sales@company.test/SentItems 
2026-09-03 05:07:57,543 1 INFO rehearse odoo.addons.pan_mail_pro.models.pan_mail_fetcher: [Incoming Mail] Processed 0 message(s) from sales@company.test 
2026-09-03 05:07:57,563 1 INFO rehearse odoo.addons.pan_mail_pro.models.pan_mail_fetcher: [Incoming Mail] Refused <inbound-001@example.com> at _gate_blocked_contact: blocked_contact 
2026-09-03 05:07:57,563 1 INFO rehearse odoo.addons.pan_mail_pro.models.pan_mail_item: [Mail Item] Import refused for AAMkAGI2_fake_graph_id; a guard the force flag does not lift still applies 
2026-09-03 05:07:57,565 1 INFO rehearse odoo.addons.pan_mail_pro.tests.test_mail_item: Starting TestMailItemImport.test_an_item_whose_mail_arrived_by_another_route_is_linked_not_stranded ... 
2026-09-03 05:07:57,582 1 INFO rehearse odoo.models.unlink: User #1 deleted mail.message records with IDs: [278] 
2026-09-03 05:07:57,598 1 INFO rehearse odoo.models.unlink: User #1 deleted res.partner records with IDs: [133] 
2026-09-03 05:07:57,602 1 INFO rehearse odoo.addons.pan_mail_pro.models.pan_mail_fetcher: [Incoming Mail] Processing mailbox: sales@company.test 
2026-09-03 05:07:57,605 1 INFO rehearse odoo.addons.pan_mail_pro.models.providers.microsoft.graph_client: [Graph API] Fetched 1 messages from sales@company.test/Inbox 
2026-09-03 05:07:57,615 1 INFO rehearse odoo.addons.pan_mail_pro.models.pan_mail_fetcher: [Incoming Mail] Refused <inbound-001@example.com> at _gate_sync_mode: unknown_contact 
2026-09-03 05:07:57,620 1 INFO rehearse odoo.addons.pan_mail_pro.models.providers.microsoft.graph_client: [Graph API] Fetched 0 messages from sales@company.test/SentItems 
2026-09-03 05:07:57,620 1 INFO rehearse odoo.addons.pan_mail_pro.models.pan_mail_fetcher: [Incoming Mail] Processed 0 message(s) from sales@company.test 
2026-09-03 05:07:57,660 1 INFO rehearse odoo.addons.pan_mail_pro.models.pan_mail_fetcher: [Incoming Mail] Processing message <inbound-001@example.com> 
2026-09-03 05:07:57,665 1 INFO rehearse odoo.addons.pan_mail_pro.models.pan_mail_matcher: [Mail Matcher] unmatched — No rule reached the routing threshold (0 proposal(s)) 
2026-09-03 05:07:57,665 1 INFO rehearse odoo.addons.pan_mail_pro.models.pan_mail_fetcher: [Incoming Mail] Routing to contact chatter for mailbox sales@company.test 
2026-09-03 05:07:57,681 1 INFO rehearse odoo.addons.pan_mail_pro.models.pan_mail_fetcher: [Incoming Mail] Successfully processed: <inbound-001@example.com> -> res.partner/136 
2026-09-03 05:07:57,687 1 INFO rehearse odoo.addons.pan_mail_pro.tests.test_mail_item: Starting TestMailItemImport.test_importing_a_queued_item_posts_it_and_links_the_message ... 
2026-09-03 05:07:57,706 1 INFO rehearse odoo.models.unlink: User #1 deleted mail.message records with IDs: [278] 
2026-09-03 05:07:57,722 1 INFO rehearse odoo.models.unlink: User #1 deleted res.partner records with IDs: [133] 
2026-09-03 05:07:57,726 1 INFO rehearse odoo.addons.pan_mail_pro.models.pan_mail_fetcher: [Incoming Mail] Processing mailbox: sales@company.test 
2026-09-03 05:07:57,728 1 INFO rehearse odoo.addons.pan_mail_pro.models.providers.microsoft.graph_client: [Graph API] Fetched 1 messages from sales@company.test/Inbox 
2026-09-03 05:07:57,738 1 INFO rehearse odoo.addons.pan_mail_pro.models.pan_mail_fetcher: [Incoming Mail] Refused <inbound-001@example.com> at _gate_sync_mode: unknown_contact 
2026-09-03 05:07:57,742 1 INFO rehearse odoo.addons.pan_mail_pro.models.providers.microsoft.graph_client: [Graph API] Fetched 0 messages from sales@company.test/SentItems 
2026-09-03 05:07:57,743 1 INFO rehearse odoo.addons.pan_mail_pro.models.pan_mail_fetcher: [Incoming Mail] Processed 0 message(s) from sales@company.test 
2026-09-03 05:07:57,748 1 INFO rehearse odoo.addons.pan_mail_pro.models.pan_mail_fetcher: [Incoming Mail] Processing message <inbound-001@example.com> 
2026-09-03 05:07:57,780 1 INFO rehearse odoo.addons.pan_mail_pro.models.pan_mail_fetcher: [Incoming Mail] Created new partner id=137 
2026-09-03 05:07:57,783 1 INFO rehearse odoo.addons.pan_mail_pro.models.pan_mail_matcher: [Mail Matcher] unmatched — No rule reached the routing threshold (0 proposal(s)) 
2026-09-03 05:07:57,783 1 INFO rehearse odoo.addons.pan_mail_pro.models.pan_mail_fetcher: [Incoming Mail] Routing to contact chatter for mailbox sales@company.test 
2026-09-03 05:07:57,799 1 INFO rehearse odoo.addons.pan_mail_pro.models.pan_mail_fetcher: [Incoming Mail] Successfully processed: <inbound-001@example.com> -> res.partner/137 
2026-09-03 05:07:57,804 1 INFO rehearse odoo.addons.base.models.ir_attachment: filestore gc 4 checked, 4 removed 
2026-09-03 05:07:58,308 1 INFO rehearse odoo.addons.pan_mail_pro.models.encryption_utils: [Encryption] Generated a new encryption key. Credentials are stored encrypted in the database. 
2026-09-03 05:07:58,324 1 INFO rehearse odoo.addons.pan_mail_pro.models.pan_mail_mailbox: [Mail Pro] SMTP takeover active — all email routes through the provider API 
2026-09-03 05:07:58,373 1 INFO rehearse odoo.addons.pan_mail_pro.tests.test_mail_lens: Starting TestMailLens.test_delivery_state_is_empty_without_notifications ... 
2026-09-03 05:07:58,390 1 INFO rehearse odoo.addons.pan_mail_pro.tests.test_mail_lens: Starting TestMailLens.test_delivery_state_reflects_notifications ... 
2026-09-03 05:07:58,420 1 INFO rehearse odoo.addons.pan_mail_pro.tests.test_mail_lens: Starting TestMailLens.test_document_name_resolves ... 
2026-09-03 05:07:58,447 1 INFO rehearse odoo.addons.pan_mail_pro.tests.test_mail_lens: Starting TestMailLens.test_document_name_survives_a_deleted_record ... 
2026-09-03 05:07:58,467 1 INFO rehearse odoo.addons.pan_mail_pro.tests.test_mail_lens: Starting TestMailLens.test_document_name_survives_an_uninstalled_model ... 
2026-09-03 05:07:58,483 1 INFO rehearse odoo.addons.pan_mail_pro.tests.test_mail_lens: Starting TestMailLens.test_open_document_refuses_an_unlinked_message ... 
2026-09-03 05:07:58,498 1 INFO rehearse odoo.addons.pan_mail_pro.tests.test_mail_lens: Starting TestMailLens.test_open_document_returns_the_record ... 
2026-09-03 05:07:58,513 1 INFO rehearse odoo.addons.pan_mail_pro.tests.test_mail_lens: Starting TestMailLens.test_outgoing_mail_is_stamped ... 
2026-09-03 05:07:58,529 1 INFO rehearse odoo.addons.pan_mail_pro.models.mail_mail: [Outgoing Mail] Processing email 56 
2026-09-03 05:07:58,533 1 INFO rehearse odoo.addons.pan_mail_pro.models.mail_mail: [Outgoing Mail] Sending from info@company.test (credentials: sales@test.local) 
2026-09-03 05:07:58,534 1 INFO rehearse odoo.addons.pan_mail_pro.models.providers.microsoft.graph_client: [Graph API] Using delegated token for sales@test.local to send from mailbox: info@company.test 
2026-09-03 05:07:58,535 1 INFO rehearse odoo.addons.pan_mail_pro.models.providers.microsoft.graph_client: [Graph API] Sending email from info@company.test to ['customer@example.com'] cc [] 
2026-09-03 05:07:58,535 1 INFO rehearse odoo.addons.pan_mail_pro.models.providers.microsoft.graph_client: [Graph API] Created draft - Message-ID: <msg@test>, Conversation-ID: CONV_ID 
2026-09-03 05:07:58,536 1 INFO rehearse odoo.addons.pan_mail_pro.models.providers.microsoft.graph_client: [Graph API] Successfully sent email <msg@test> 
2026-09-03 05:07:58,547 1 INFO rehearse odoo.addons.pan_mail_pro.models.mail_mail: [Outgoing Mail] Mail 56 sent from info@company.test (message <msg@test>, thread CONV_ID) 
2026-09-03 05:07:58,548 1 INFO rehearse odoo.addons.pan_mail_pro.tests.test_mail_lens: Starting TestMailLens.test_res_model_id_follows_the_model_char ... 
2026-09-03 05:07:58,563 1 INFO rehearse odoo.addons.pan_mail_pro.tests.test_mail_lens: Starting TestMailLens.test_search_matches_the_compute ... 
2026-09-03 05:07:58,590 1 INFO rehearse odoo.addons.pan_mail_pro.tests.test_mail_lens: Starting TestMailLens.test_search_negation_matches_the_compute ... 
2026-09-03 05:07:58,612 1 INFO rehearse odoo.addons.base.models.ir_attachment: filestore gc 4 checked, 4 removed 
2026-09-03 05:07:58,625 1 INFO rehearse odoo.addons.pan_mail_pro.models.pan_mail_mailbox: [Mail Pro] SMTP takeover active — all email routes through the provider API 
2026-09-03 05:07:58,725 1 INFO rehearse odoo.addons.pan_mail_pro.tests.test_mail_matcher: Starting TestMailMatcher.test_a_broken_rule_does_not_stop_the_ladder ... 
2026-09-03 05:07:58,745 1 ERROR rehearse odoo.addons.pan_mail_pro.models.pan_mail_matcher: [Mail Matcher] Rule _rule_odoo_headers raised, skipping it 
Traceback (most recent call last):
  File "/mnt/extra-addons/pan_mail_pro/models/pan_mail_matcher.py", line 157, in match
    found = getattr(self, rule_method)(ctx) or []
            ^^^^^^^^^^^^^^^^^^^^^^^^^^^^^^^
  File "<string>", line 3, in _rule_odoo_headers
  File "/usr/lib/python3.12/unittest/mock.py", line 1134, in __call__
    return self._mock_call(*args, **kwargs)
           ^^^^^^^^^^^^^^^^^^^^^^^^^^^^^^^^
  File "/usr/lib/python3.12/unittest/mock.py", line 1138, in _mock_call
    return self._execute_mock_call(*args, **kwargs)
           ^^^^^^^^^^^^^^^^^^^^^^^^^^^^^^^^^^^^^^^^
  File "/usr/lib/python3.12/unittest/mock.py", line 1193, in _execute_mock_call
    raise effect
ValueError: boom
2026-09-03 05:07:58,749 1 INFO rehearse odoo.addons.pan_mail_pro.models.pan_mail_matcher: [Mail Matcher] crm.lead/3 via references (1.00) — Replies to <parent@example.com> 
2026-09-03 05:07:58,750 1 INFO rehearse odoo.addons.pan_mail_pro.tests.test_mail_matcher: Starting TestMailMatcher.test_excluded_models_are_never_a_target ... 
2026-09-03 05:07:58,770 1 INFO rehearse odoo.addons.pan_mail_pro.models.pan_mail_matcher: [Mail Matcher] unmatched — No rule reached the routing threshold (0 proposal(s)) 
2026-09-03 05:07:58,771 1 INFO rehearse odoo.addons.pan_mail_pro.tests.test_mail_matcher: Starting TestMailMatcher.test_in_reply_to_matches ... 
2026-09-03 05:07:58,792 1 INFO rehearse odoo.addons.pan_mail_pro.models.pan_mail_matcher: [Mail Matcher] crm.lead/3 via references (1.00) — Replies to <parent@example.com> 
2026-09-03 05:07:58,793 1 INFO rehearse odoo.addons.pan_mail_pro.tests.test_mail_matcher: Starting TestMailMatcher.test_legacy_conversation_id_picks_the_newest_message ... 
2026-09-03 05:07:58,828 1 INFO rehearse odoo.addons.pan_mail_pro.models.pan_mail_matcher: [Mail Matcher] crm.lead/3 via thread_link_legacy (0.85) — Legacy conversation id CONV-LEGACY, most recent message 
2026-09-03 05:07:58,829 1 INFO rehearse odoo.addons.pan_mail_pro.tests.test_mail_matcher: Starting TestMailMatcher.test_nearest_ancestor_wins_over_older_ones ... 
2026-09-03 05:07:58,861 1 INFO rehearse odoo.addons.pan_mail_pro.models.pan_mail_matcher: [Mail Matcher] crm.lead/3 via references (1.00) — Replies to <recent@example.com> 
2026-09-03 05:07:58,862 1 INFO rehearse odoo.addons.pan_mail_pro.tests.test_mail_matcher: Starting TestMailMatcher.test_odoo_headers_pointing_at_a_deleted_record_do_not_match ... 
2026-09-03 05:07:58,915 1 INFO rehearse odoo.models.unlink: User #1 deleted mail.message records with IDs: [316] 
2026-09-03 05:07:58,924 1 INFO rehearse odoo.models.unlink: User #1 deleted crm.lead records with IDs: [5] 
2026-09-03 05:07:58,928 1 INFO rehearse odoo.addons.pan_mail_pro.models.pan_mail_matcher: [Mail Matcher] unmatched — No rule reached the routing threshold (0 proposal(s)) 
2026-09-03 05:07:58,929 1 INFO rehearse odoo.addons.pan_mail_pro.tests.test_mail_matcher: Starting TestMailMatcher.test_odoo_headers_win ... 
2026-09-03 05:07:58,932 1 INFO rehearse odoo.addons.pan_mail_pro.models.pan_mail_matcher: [Mail Matcher] crm.lead/3 via odoo_headers (1.00) — X-Odoo headers point at this record 
2026-09-03 05:07:58,933 1 INFO rehearse odoo.addons.pan_mail_pro.tests.test_mail_matcher: Starting TestMailMatcher.test_provider_thread_id_is_preferred_over_the_derived_one ... 
2026-09-03 05:07:58,938 1 INFO rehearse odoo.addons.pan_mail_pro.models.pan_mail_matcher: [Mail Matcher] unmatched — No rule reached the routing threshold (0 proposal(s)) 
2026-09-03 05:07:58,939 1 INFO rehearse odoo.addons.pan_mail_pro.tests.test_mail_matcher: Starting TestMailMatcher.test_reference_ids_are_ordered_nearest_first ... 
2026-09-03 05:07:58,940 1 INFO rehearse odoo.addons.pan_mail_pro.tests.test_mail_matcher: Starting TestMailMatcher.test_references_are_honoured_without_a_mailbox ... 
2026-09-03 05:07:58,963 1 INFO rehearse odoo.addons.pan_mail_pro.models.pan_mail_matcher: [Mail Matcher] crm.lead/3 via references (1.00) — Replies to <parent@example.com> 
2026-09-03 05:07:58,964 1 INFO rehearse odoo.addons.pan_mail_pro.tests.test_mail_matcher: Starting TestMailMatcher.test_references_chain_matches_when_in_reply_to_is_absent ... 
2026-09-03 05:07:58,986 1 INFO rehearse odoo.addons.pan_mail_pro.models.pan_mail_matcher: [Mail Matcher] crm.lead/3 via references (1.00) — Replies to <root@example.com> 
2026-09-03 05:07:58,987 1 INFO rehearse odoo.addons.pan_mail_pro.tests.test_mail_matcher: Starting TestMailMatcher.test_references_resolve_through_the_wire_message_id ... 
2026-09-03 05:07:59,012 1 INFO rehearse odoo.addons.pan_mail_pro.models.pan_mail_matcher: [Mail Matcher] crm.lead/3 via references (1.00) — Replies to <graph-assigned@outlook.com> 
2026-09-03 05:07:59,014 1 INFO rehearse odoo.addons.pan_mail_pro.tests.test_mail_matcher: Starting TestMailMatcher.test_stale_thread_link_is_not_evidence ... 
2026-09-03 05:07:59,024 1 INFO rehearse odoo.addons.pan_mail_pro.models.pan_mail_matcher: [Mail Matcher] unmatched — No rule reached the routing threshold (0 proposal(s)) 
2026-09-03 05:07:59,025 1 INFO rehearse odoo.addons.pan_mail_pro.tests.test_mail_matcher: Starting TestMailMatcher.test_subject_match_proposes_but_never_routes ... 
2026-09-03 05:07:59,061 1 INFO rehearse odoo.addons.pan_mail_pro.models.pan_mail_matcher: [Mail Matcher] unmatched — No rule reached the routing threshold (1 proposal(s)) 
2026-09-03 05:07:59,062 1 INFO rehearse odoo.addons.pan_mail_pro.tests.test_mail_matcher: Starting TestMailMatcher.test_subject_match_requires_the_same_correspondent ... 
2026-09-03 05:07:59,083 1 INFO rehearse odoo.addons.pan_mail_pro.models.pan_mail_matcher: [Mail Matcher] unmatched — No rule reached the routing threshold (0 proposal(s)) 
2026-09-03 05:07:59,084 1 INFO rehearse odoo.addons.pan_mail_pro.tests.test_mail_matcher: Starting TestMailMatcher.test_subject_normalisation ... 
2026-09-03 05:07:59,085 1 INFO rehearse odoo.addons.pan_mail_pro.tests.test_mail_matcher: Starting TestMailMatcher.test_thread_id_is_derived_from_references_when_absent ... 
2026-09-03 05:07:59,091 1 INFO rehearse odoo.addons.pan_mail_pro.models.pan_mail_matcher: [Mail Matcher] unmatched — No rule reached the routing threshold (0 proposal(s)) 
2026-09-03 05:07:59,092 1 INFO rehearse odoo.addons.pan_mail_pro.tests.test_mail_matcher: Starting TestMailMatcher.test_thread_link_does_not_leak_across_mailboxes ... 
2026-09-03 05:07:59,102 1 INFO rehearse odoo.addons.pan_mail_pro.models.pan_mail_matcher: [Mail Matcher] unmatched — No rule reached the routing threshold (0 proposal(s)) 
2026-09-03 05:07:59,103 1 INFO rehearse odoo.addons.pan_mail_pro.tests.test_mail_matcher: Starting TestMailMatcher.test_thread_link_matches_within_the_same_mailbox ... 
2026-09-03 05:07:59,128 1 INFO rehearse odoo.addons.pan_mail_pro.models.pan_mail_matcher: [Mail Matcher] crm.lead/3 via thread_link (0.90) — Thread CONV-1 is already linked for mailbox support@company.test 
2026-09-03 05:07:59,129 1 INFO rehearse odoo.addons.pan_mail_pro.tests.test_mail_matcher: Starting TestMailMatcher.test_unknown_mail_returns_an_empty_decision ... 
2026-09-03 05:07:59,131 1 INFO rehearse odoo.addons.pan_mail_pro.models.pan_mail_matcher: [Mail Matcher] unmatched — No rule reached the routing threshold (0 proposal(s)) 
2026-09-03 05:07:59,135 1 INFO rehearse odoo.addons.base.models.ir_attachment: filestore gc 0 checked, 0 removed 
2026-09-03 05:07:59,576 1 INFO rehearse odoo.addons.pan_mail_pro.models.encryption_utils: [Encryption] Generated a new encryption key. Credentials are stored encrypted in the database. 
2026-09-03 05:07:59,592 1 INFO rehearse odoo.addons.pan_mail_pro.models.pan_mail_mailbox: [Mail Pro] SMTP takeover active — all email routes through the provider API 
2026-09-03 05:07:59,638 1 INFO rehearse odoo.addons.pan_mail_pro.tests.test_mailbox_permission: Starting TestMailboxPermission.test_a_colleague_cannot_disconnect_your_mailbox ... 
2026-09-03 05:07:59,664 1 WARNING rehearse odoo.addons.pan_mail_pro.models.res_users: [OAuth] User other@test.local (id=102) tried to change the mailbox connection of sales@test.local 
2026-09-03 05:07:59,669 1 INFO rehearse odoo.addons.pan_mail_pro.tests.test_mailbox_permission: Starting TestMailboxPermission.test_a_colleague_cannot_start_your_oauth_round ... 
2026-09-03 05:07:59,694 1 WARNING rehearse odoo.addons.pan_mail_pro.models.res_users: [OAuth] User other@test.local (id=102) tried to change the mailbox connection of sales@test.local 
2026-09-03 05:07:59,700 1 INFO rehearse odoo.addons.pan_mail_pro.tests.test_mailbox_permission: Starting TestMailboxPermission.test_admin_cannot_send_from_someone_elses_personal_mailbox ... 
2026-09-03 05:07:59,709 1 WARNING rehearse odoo.addons.pan_mail_pro.models.mail_mail: [Outgoing Mail] User admin (id=2) tried to send from mailbox sales@company.test (type=personal, owner=sales@test.local) 
2026-09-03 05:07:59,715 1 INFO rehearse odoo.addons.pan_mail_pro.tests.test_mailbox_permission: Starting TestMailboxPermission.test_an_administrator_may_do_it_on_a_users_behalf ... 
2026-09-03 05:07:59,734 1 INFO rehearse odoo.addons.pan_mail_pro.tests.test_mailbox_permission: Starting TestMailboxPermission.test_archived_mailbox_is_not_sendable ... 
2026-09-03 05:07:59,735 1 INFO rehearse odoo.addons.pan_mail_pro.tests.test_mailbox_permission: Starting TestMailboxPermission.test_composer_allows_the_owner ... 
2026-09-03 05:07:59,757 1 INFO rehearse odoo.addons.pan_mail_pro.tests.test_mailbox_permission: Starting TestMailboxPermission.test_composer_field_is_constrained ... 
2026-09-03 05:07:59,798 1 INFO rehearse odoo.addons.pan_mail_pro.tests.test_mailbox_permission: Starting TestMailboxPermission.test_context_key_is_guarded_too ... 
2026-09-03 05:07:59,806 1 WARNING rehearse odoo.addons.pan_mail_pro.models.mail_mail: [Outgoing Mail] User admin (id=2) tried to send from mailbox sales@company.test (type=personal, owner=sales@test.local) 
2026-09-03 05:07:59,811 1 INFO rehearse odoo.addons.pan_mail_pro.tests.test_mailbox_permission: Starting TestMailboxPermission.test_disconnect_without_a_named_provider_clears_every_account ... 
2026-09-03 05:07:59,823 1 INFO rehearse odoo.addons.pan_mail_pro.tests.test_mailbox_permission: Starting TestMailboxPermission.test_notification_mailbox_stays_usable_by_anyone ... 
2026-09-03 05:07:59,825 1 INFO rehearse odoo.addons.pan_mail_pro.tests.test_mailbox_permission: Starting TestMailboxPermission.test_only_a_mailbox_manager_may_send_connect_invites ... 
2026-09-03 05:07:59,842 1 INFO rehearse odoo.addons.pan_mail_pro.tests.test_mailbox_permission: Starting TestMailboxPermission.test_owner_still_sees_own_personal_mailbox ... 
2026-09-03 05:07:59,858 1 INFO rehearse odoo.addons.pan_mail_pro.tests.test_mailbox_permission: Starting TestMailboxPermission.test_personal_mailbox_belongs_to_its_owner ... 
2026-09-03 05:07:59,860 1 INFO rehearse odoo.addons.pan_mail_pro.tests.test_mailbox_permission: Starting TestMailboxPermission.test_personal_mailbox_not_readable_by_others ... 
2026-09-03 05:07:59,876 1 INFO rehearse odoo.addons.pan_mail_pro.tests.test_mailbox_permission: Starting TestMailboxPermission.test_reassigning_on_write_is_guarded ... 
2026-09-03 05:07:59,908 1 WARNING rehearse odoo.addons.pan_mail_pro.models.mail_mail: [Outgoing Mail] User admin (id=2) tried to send from mailbox sales@company.test (type=personal, owner=sales@test.local) 
2026-09-03 05:07:59,913 1 INFO rehearse odoo.addons.pan_mail_pro.tests.test_mailbox_permission: Starting TestMailboxPermission.test_routing_log_is_not_readable_by_an_ordinary_user ... 
2026-09-03 05:07:59,928 1 INFO rehearse odoo.addons.base.models.ir_model: Access Denied by ACLs for operation: read, uid: 102, model: pan.mail.routing.log 
2026-09-03 05:07:59,935 1 INFO rehearse odoo.addons.pan_mail_pro.tests.test_mailbox_permission: Starting TestMailboxPermission.test_send_refuses_when_author_may_not_use_mailbox ... 
2026-09-03 05:07:59,956 1 INFO rehearse odoo.addons.pan_mail_pro.tests.test_mailbox_permission: Starting TestMailboxPermission.test_shared_mailbox_is_shared_on_purpose ... 
2026-09-03 05:07:59,957 1 INFO rehearse odoo.addons.pan_mail_pro.tests.test_mailbox_permission: Starting TestMailboxPermission.test_shared_mailbox_still_works ... 
2026-09-03 05:07:59,980 1 INFO rehearse odoo.addons.pan_mail_pro.tests.test_mailbox_permission: Starting TestMailboxPermission.test_superuser_is_exempt ... 
2026-09-03 05:07:59,990 1 INFO rehearse odoo.addons.pan_mail_pro.tests.test_mailbox_permission: Starting TestMailboxPermission.test_the_module_itself_still_reaches_those_tables ... 
2026-09-03 05:07:59,998 1 INFO rehearse odoo.addons.pan_mail_pro.tests.test_mailbox_permission: Starting TestMailboxPermission.test_thread_indexes_are_not_readable_by_an_ordinary_user ... 
2026-09-03 05:08:00,012 1 INFO rehearse odoo.addons.base.models.ir_model: Access Denied by ACLs for operation: read, uid: 102, model: pan.mail.thread.link 
2026-09-03 05:08:00,018 1 INFO rehearse odoo.addons.base.models.ir_model: Access Denied by ACLs for operation: read, uid: 102, model: pan.mail.message.ref 
2026-09-03 05:08:00,021 1 INFO rehearse odoo.addons.pan_mail_pro.tests.test_mailbox_permission: Starting TestMailboxPermission.test_you_can_still_disconnect_your_own ... 
2026-09-03 05:08:00,031 1 INFO rehearse odoo.addons.base.models.ir_attachment: filestore gc 4 checked, 4 removed 
2026-09-03 05:08:00,503 1 INFO rehearse odoo.addons.pan_mail_pro.models.encryption_utils: [Encryption] Generated a new encryption key. Credentials are stored encrypted in the database. 
2026-09-03 05:08:00,518 1 INFO rehearse odoo.addons.pan_mail_pro.models.pan_mail_mailbox: [Mail Pro] SMTP takeover active — all email routes through the provider API 
2026-09-03 05:08:00,561 1 INFO rehearse odoo.addons.pan_mail_pro.tests.test_mailbox_routing: Starting TestMailboxRouting.test_a_colleagues_chatter_post_keeps_its_author ... 
2026-09-03 05:08:00,580 1 INFO rehearse odoo.addons.pan_mail_pro.models.mail_mail: [Outgoing Mail] Email 61 IS internal user notification to Other User 
2026-09-03 05:08:00,582 1 INFO rehearse odoo.addons.pan_mail_pro.models.mail_mail: [Outgoing Mail] Processing email 61 
2026-09-03 05:08:00,583 1 INFO rehearse odoo.addons.pan_mail_pro.models.mail_mail: [Outgoing Mail] Email 61 IS internal user notification to Other User 
2026-09-03 05:08:00,587 1 INFO rehearse odoo.addons.pan_mail_pro.models.providers.microsoft.graph_client: [Graph API] Using delegated token for notif_owner@test.local to send from mailbox: notifications@company.test 
2026-09-03 05:08:00,588 1 INFO rehearse odoo.addons.pan_mail_pro.models.providers.microsoft.graph_client: [Graph API] Sending email from notifications@company.test to ['other@test.local'] cc [] 
2026-09-03 05:08:00,589 1 INFO rehearse odoo.addons.pan_mail_pro.models.providers.microsoft.graph_client: [Graph API] Created draft - Message-ID: <msg@test>, Conversation-ID: CONV_ID 
2026-09-03 05:08:00,589 1 INFO rehearse odoo.addons.pan_mail_pro.models.providers.microsoft.graph_client: [Graph API] Successfully sent email <msg@test> 
2026-09-03 05:08:00,601 1 INFO rehearse odoo.addons.pan_mail_pro.models.mail_mail: [Outgoing Mail] Mail 61 sent from notifications@company.test (message <msg@test>, thread CONV_ID) 
2026-09-03 05:08:00,603 1 INFO rehearse odoo.addons.pan_mail_pro.tests.test_mailbox_routing: Starting TestMailboxRouting.test_a_mixed_batch_does_not_raise_over_a_mail_that_already_went_out ... 
2026-09-03 05:08:00,626 1 INFO rehearse odoo.addons.pan_mail_pro.models.providers.microsoft.graph_client: [Graph API] Using delegated token for sales@test.local to send from mailbox: info@company.test 
2026-09-03 05:08:00,628 1 INFO rehearse odoo.addons.pan_mail_pro.models.providers.microsoft.graph_client: [Graph API] Sending email from info@company.test to ['customer@example.com', 'customer@example.com'] cc [] 
2026-09-03 05:08:00,629 1 INFO rehearse odoo.addons.pan_mail_pro.models.providers.microsoft.graph_client: [Graph API] Created draft - Message-ID: <msg@test>, Conversation-ID: CONV_ID 
2026-09-03 05:08:00,629 1 INFO rehearse odoo.addons.pan_mail_pro.models.providers.microsoft.graph_client: [Graph API] Successfully sent email <msg@test> 
2026-09-03 05:08:00,643 1 INFO rehearse odoo.addons.pan_mail_pro.tests.test_mailbox_routing: Starting TestMailboxRouting.test_author_default_mailbox_is_used ... 
2026-09-03 05:08:00,657 1 INFO rehearse odoo.addons.pan_mail_pro.models.mail_mail: [Outgoing Mail] Sending from info@company.test (credentials: sales@test.local) 
2026-09-03 05:08:00,658 1 INFO rehearse odoo.addons.pan_mail_pro.tests.test_mailbox_routing: Starting TestMailboxRouting.test_author_without_a_default_mailbox_refuses ... 
2026-09-03 05:08:00,678 1 INFO rehearse odoo.addons.pan_mail_pro.tests.test_mailbox_routing: Starting TestMailboxRouting.test_disconnected_author_refuses ... 
2026-09-03 05:08:00,703 1 INFO rehearse odoo.addons.pan_mail_pro.tests.test_mailbox_routing: Starting TestMailboxRouting.test_dropdown_notification_sends_with_its_owner ... 
2026-09-03 05:08:00,716 1 INFO rehearse odoo.addons.pan_mail_pro.models.mail_mail: [Outgoing Mail] Sending from notifications@company.test (credentials: notif_owner@test.local) 
2026-09-03 05:08:00,717 1 INFO rehearse odoo.addons.pan_mail_pro.tests.test_mailbox_routing: Starting TestMailboxRouting.test_dropdown_outranks_the_internal_notification ... 
2026-09-03 05:08:00,730 1 INFO rehearse odoo.addons.pan_mail_pro.models.mail_mail: [Outgoing Mail] Sending from info@company.test (credentials: sales@test.local) 
2026-09-03 05:08:00,731 1 INFO rehearse odoo.addons.pan_mail_pro.tests.test_mailbox_routing: Starting TestMailboxRouting.test_dropdown_personal_sends_with_the_owner_token ... 
2026-09-03 05:08:00,749 1 INFO rehearse odoo.addons.pan_mail_pro.models.mail_mail: [Outgoing Mail] Sending from sales@company.test (credentials: sales@test.local) 
2026-09-03 05:08:00,750 1 INFO rehearse odoo.addons.pan_mail_pro.tests.test_mailbox_routing: Starting TestMailboxRouting.test_dropdown_shared_sends_with_the_author_token ... 
2026-09-03 05:08:00,767 1 INFO rehearse odoo.addons.pan_mail_pro.models.mail_mail: [Outgoing Mail] Sending from info@company.test (credentials: sales@test.local) 
2026-09-03 05:08:00,768 1 INFO rehearse odoo.addons.pan_mail_pro.tests.test_mailbox_routing: Starting TestMailboxRouting.test_dropdown_survives_a_company_partner_author ... 
2026-09-03 05:08:00,791 1 INFO rehearse odoo.addons.pan_mail_pro.models.mail_mail: [Outgoing Mail] Sending from info@company.test (credentials: sales@test.local) 
2026-09-03 05:08:00,793 1 INFO rehearse odoo.addons.pan_mail_pro.tests.test_mailbox_routing: Starting TestMailboxRouting.test_dropdown_wins_for_a_portal_recipient ... 
2026-09-03 05:08:00,808 1 INFO rehearse odoo.addons.pan_mail_pro.models.mail_mail: [Outgoing Mail] Sending from sales@company.test (credentials: sales@test.local) 
2026-09-03 05:08:00,809 1 INFO rehearse odoo.addons.pan_mail_pro.tests.test_mailbox_routing: Starting TestMailboxRouting.test_dropdown_with_disconnected_owner_refuses ... 
2026-09-03 05:08:00,836 1 INFO rehearse odoo.addons.pan_mail_pro.tests.test_mailbox_routing: Starting TestMailboxRouting.test_external_author_uses_notification_mailbox ... 
2026-09-03 05:08:00,852 1 INFO rehearse odoo.addons.pan_mail_pro.tests.test_mailbox_routing: Starting TestMailboxRouting.test_internal_user_notification_uses_notification_mailbox ... 
2026-09-03 05:08:00,866 1 INFO rehearse odoo.addons.pan_mail_pro.models.mail_mail: [Outgoing Mail] Email 75 IS internal user notification to Other User 
2026-09-03 05:08:00,870 1 INFO rehearse odoo.addons.pan_mail_pro.tests.test_mailbox_routing: Starting TestMailboxRouting.test_mass_mailing_skips_the_provider_path ... 
2026-09-03 05:08:00,910 1 INFO rehearse odoo.addons.pan_mail_pro.models.mail_mail: [Outgoing Mail] Routing 1 mass mailing email(s) via standard SMTP 
2026-09-03 05:08:00,911 1 INFO rehearse odoo.addons.pan_mail_pro.tests.test_mailbox_routing: Starting TestMailboxRouting.test_no_author_uses_notification_mailbox ... 
2026-09-03 05:08:00,926 1 INFO rehearse odoo.addons.pan_mail_pro.tests.test_mailbox_routing: Starting TestMailboxRouting.test_no_notification_mailbox_refuses ... 
2026-09-03 05:08:00,948 1 INFO rehearse odoo.addons.pan_mail_pro.tests.test_mailbox_routing: Starting TestMailboxRouting.test_portal_user_recipient_is_not_an_internal_notification ... 
2026-09-03 05:08:00,964 1 INFO rehearse odoo.addons.pan_mail_pro.models.mail_mail: [Outgoing Mail] Sending from info@company.test (credentials: sales@test.local) 
2026-09-03 05:08:00,965 1 INFO rehearse odoo.addons.pan_mail_pro.tests.test_mailbox_routing: Starting TestMailboxRouting.test_several_failures_report_one_reason_and_a_count ... 
2026-09-03 05:08:00,990 1 WARNING rehearse odoo.tools.translate: no translation language detected, skipping translation <frame at 0x7f2e97c4c5f0, file '/mnt/extra-addons/pan_mail_pro/models/mail_mail.py', line 260, code _batch_failure_message> 
Stack (most recent call last):
  File "/usr/bin/odoo", line 6, in <module>
    odoo.cli.main()
  File "/usr/lib/python3/dist-packages/odoo/cli/command.py", line 133, in main
    command().run(args)
  File "/usr/lib/python3/dist-packages/odoo/cli/server.py", line 127, in run
    main(args)
  File "/usr/lib/python3/dist-packages/odoo/cli/server.py", line 118, in main
    rc = server.start(preload=config['db_name'], stop=stop)
  File "/usr/lib/python3/dist-packages/odoo/service/server.py", line 1671, in start
    rc = server.run(preload, stop)
  File "/usr/lib/python3/dist-packages/odoo/service/server.py", line 708, in run
    rc = preload_registries(preload)
  File "/usr/lib/python3/dist-packages/odoo/service/server.py", line 1601, in preload_registries
    result = loader.run_suite(post_install_suite, global_report=registry._assertion_report)
  File "/usr/lib/python3/dist-packages/odoo/tests/loader.py", line 116, in run_suite
    suite(results)
  File "/usr/lib/python3.12/unittest/suite.py", line 84, in __call__
    return self.run(*args, **kwds)
  File "/usr/lib/python3/dist-packages/odoo/tests/suite.py", line 79, in run
    test(result)
  File "/usr/lib/python3.12/unittest/case.py", line 690, in __call__
    return self.run(*args, **kwds)
  File "/usr/lib/python3/dist-packages/odoo/tests/case.py", line 216, in run
    self._callTestMethod(testMethod)
  File "/usr/lib/python3/dist-packages/odoo/tests/case.py", line 184, in _callTestMethod
    method()
  File "/usr/lib/python3/dist-packages/odoo/tools/misc.py", line 779, in deco
    return func(*args, **kwargs)
  File "/mnt/extra-addons/pan_mail_pro/tests/test_mailbox_routing.py", line 293, in test_several_failures_report_one_reason_and_a_count
    error = send_and_capture(first | second)
  File "/mnt/extra-addons/pan_mail_pro/tests/common.py", line 40, in send_and_capture
    mails.send()
  File "/mnt/extra-addons/pan_mail_pro/models/mail_mail.py", line 246, in send
    raise UserError(self._batch_failure_message(failures))
  File "/mnt/extra-addons/pan_mail_pro/models/mail_mail.py", line 260, in _batch_failure_message
    return _(
  File "/usr/lib/python3/dist-packages/odoo/tools/translate.py", line 581, in get_text_alias
    module, lang = _get_translation_source(1)
  File "/usr/lib/python3/dist-packages/odoo/tools/translate.py", line 570, in _get_translation_source
    lang = lang or _get_lang(frame, default_lang)
  File "/usr/lib/python3/dist-packages/odoo/tools/translate.py", line 561, in _get_lang
    _logger.log(log_level, 'no translation language detected, skipping translation %s', frame, stack_info=True)
2026-09-03 05:08:00,991 1 INFO rehearse odoo.addons.pan_mail_pro.tests.test_mailbox_routing: Starting TestMailboxRouting.test_the_notification_route_records_where_it_sent_from ... 
2026-09-03 05:08:01,006 1 INFO rehearse odoo.addons.pan_mail_pro.models.mail_mail: [Outgoing Mail] Processing email 82 
2026-09-03 05:08:01,010 1 INFO rehearse odoo.addons.pan_mail_pro.models.providers.microsoft.graph_client: [Graph API] Using delegated token for notif_owner@test.local to send from mailbox: notifications@company.test 
2026-09-03 05:08:01,012 1 INFO rehearse odoo.addons.pan_mail_pro.models.providers.microsoft.graph_client: [Graph API] Sending email from notifications@company.test to ['customer@example.com', 'customer@example.com'] cc [] 
2026-09-03 05:08:01,013 1 INFO rehearse odoo.addons.pan_mail_pro.models.providers.microsoft.graph_client: [Graph API] Created draft - Message-ID: <msg@test>, Conversation-ID: CONV_ID 
2026-09-03 05:08:01,013 1 INFO rehearse odoo.addons.pan_mail_pro.models.providers.microsoft.graph_client: [Graph API] Successfully sent email <msg@test> 
2026-09-03 05:08:01,025 1 INFO rehearse odoo.addons.pan_mail_pro.models.mail_mail: [Outgoing Mail] Mail 82 sent from notifications@company.test (message <msg@test>, thread CONV_ID) 
2026-09-03 05:08:01,026 1 INFO rehearse odoo.addons.pan_mail_pro.tests.test_mailbox_routing: Starting TestMailboxRouting.test_the_queue_still_reports_a_mixed_batch ... 
2026-09-03 05:08:01,052 1 INFO rehearse odoo.addons.pan_mail_pro.models.providers.microsoft.graph_client: [Graph API] Using delegated token for sales@test.local to send from mailbox: info@company.test 
2026-09-03 05:08:01,054 1 INFO rehearse odoo.addons.pan_mail_pro.models.providers.microsoft.graph_client: [Graph API] Sending email from info@company.test to ['customer@example.com', 'customer@example.com'] cc [] 
2026-09-03 05:08:01,055 1 INFO rehearse odoo.addons.pan_mail_pro.models.providers.microsoft.graph_client: [Graph API] Created draft - Message-ID: <msg@test>, Conversation-ID: CONV_ID 
2026-09-03 05:08:01,055 1 INFO rehearse odoo.addons.pan_mail_pro.models.providers.microsoft.graph_client: [Graph API] Successfully sent email <msg@test> 
2026-09-03 05:08:01,063 1 INFO rehearse odoo.addons.pan_mail_pro.tests.test_mailbox_routing: Starting TestMailboxRouting.test_unroutable_mail_does_not_stop_the_ones_behind_it ... 
2026-09-03 05:08:01,085 1 INFO rehearse odoo.addons.pan_mail_pro.models.providers.microsoft.graph_client: [Graph API] Using delegated token for sales@test.local to send from mailbox: info@company.test 
2026-09-03 05:08:01,087 1 INFO rehearse odoo.addons.pan_mail_pro.models.providers.microsoft.graph_client: [Graph API] Sending email from info@company.test to ['customer@example.com', 'customer@example.com'] cc [] 
2026-09-03 05:08:01,088 1 INFO rehearse odoo.addons.pan_mail_pro.models.providers.microsoft.graph_client: [Graph API] Created draft - Message-ID: <msg@test>, Conversation-ID: CONV_ID 
2026-09-03 05:08:01,089 1 INFO rehearse odoo.addons.pan_mail_pro.models.providers.microsoft.graph_client: [Graph API] Successfully sent email <msg@test> 
2026-09-03 05:08:01,105 1 INFO rehearse odoo.addons.base.models.ir_attachment: filestore gc 4 checked, 4 removed 
2026-09-03 05:08:01,296 1 INFO rehearse odoo.addons.pan_mail_pro.models.mail_mail: [Outgoing Mail] No mailboxes configured — using Odoo's standard mail handling 
2026-09-03 05:08:01,303 1 INFO rehearse odoo.addons.auth_signup.models.res_users: Signup email sent for user <graph_user@test.local> to <graph_user@test.local> 
2026-09-03 05:08:01,313 1 INFO rehearse odoo.addons.pan_mail_pro.tests.test_microsoft_provider: Starting TestMicrosoftTokenLifecycle.test_error_body_that_is_not_json_still_raises_cleanly ... 
2026-09-03 05:08:01,319 1 INFO rehearse odoo.addons.pan_mail_pro.models.encryption_utils: [Encryption] Generated a new encryption key. Credentials are stored encrypted in the database. 
2026-09-03 05:08:01,324 1 INFO rehearse odoo.addons.pan_mail_pro.models.providers.microsoft.graph_client: Token expired for graph_user@test.local, refreshing... 
2026-09-03 05:08:01,325 1 ERROR rehearse odoo.addons.pan_mail_pro.models.providers.microsoft.graph_client: Failed to refresh token for graph_user@test.local: None - 502 Bad Gateway 
2026-09-03 05:08:01,330 1 INFO rehearse odoo.addons.pan_mail_pro.tests.test_microsoft_provider: Starting TestMicrosoftTokenLifecycle.test_exchange_code_failure_raises_user_error ... 
2026-09-03 05:08:01,332 1 ERROR rehearse odoo.addons.pan_mail_pro.models.providers.microsoft.graph_client: Token exchange failed. Request data: client_id=test-client-id, redirect_uri=https://odoo.test/cb, tenant_id=test-tenant-id 
2026-09-03 05:08:01,332 1 ERROR rehearse odoo.addons.pan_mail_pro.models.providers.microsoft.graph_client: Microsoft response: {'error': 'invalid_client', 'error_description': 'bad secret'} 
2026-09-03 05:08:01,332 1 ERROR rehearse odoo.addons.pan_mail_pro.models.providers.microsoft.graph_client: Failed to exchange code for tokens: 400 Client Error
Microsoft error: invalid_client
Description: bad secret 
2026-09-03 05:08:01,338 1 INFO rehearse odoo.addons.pan_mail_pro.tests.test_microsoft_provider: Starting TestMicrosoftTokenLifecycle.test_exchange_code_returns_tokens ... 
2026-09-03 05:08:01,341 1 INFO rehearse odoo.addons.pan_mail_pro.tests.test_microsoft_provider: Starting TestMicrosoftTokenLifecycle.test_get_valid_token_refreshes_when_expired ... 
2026-09-03 05:08:01,346 1 INFO rehearse odoo.addons.pan_mail_pro.models.encryption_utils: [Encryption] Generated a new encryption key. Credentials are stored encrypted in the database. 
2026-09-03 05:08:01,348 1 INFO rehearse odoo.addons.pan_mail_pro.models.providers.microsoft.graph_client: Token expired for graph_user@test.local, refreshing... 
2026-09-03 05:08:01,353 1 INFO rehearse odoo.addons.pan_mail_pro.tests.test_microsoft_provider: Starting TestMicrosoftTokenLifecycle.test_get_valid_token_returns_live_token_without_refresh ... 
2026-09-03 05:08:01,359 1 INFO rehearse odoo.addons.pan_mail_pro.models.encryption_utils: [Encryption] Generated a new encryption key. Credentials are stored encrypted in the database. 
2026-09-03 05:08:01,361 1 INFO rehearse odoo.addons.pan_mail_pro.tests.test_microsoft_provider: Starting TestMicrosoftTokenLifecycle.test_invalid_client_also_prompts_reconnect ... 
2026-09-03 05:08:01,366 1 INFO rehearse odoo.addons.pan_mail_pro.models.encryption_utils: [Encryption] Generated a new encryption key. Credentials are stored encrypted in the database. 
2026-09-03 05:08:01,371 1 INFO rehearse odoo.addons.pan_mail_pro.models.providers.microsoft.graph_client: Token expired for graph_user@test.local, refreshing... 
2026-09-03 05:08:01,371 1 ERROR rehearse odoo.addons.pan_mail_pro.models.providers.microsoft.graph_client: Failed to refresh token for graph_user@test.local: invalid_client - 400 Client Error 
2026-09-03 05:08:01,371 1 WARNING rehearse odoo.addons.pan_mail_pro.models.providers.microsoft.graph_client: [OAuth] Permanent token failure for graph_user@test.local, clearing tokens 
2026-09-03 05:08:01,376 1 INFO rehearse odoo.addons.pan_mail_pro.tests.test_microsoft_provider: Starting TestMicrosoftTokenLifecycle.test_invalid_grant_tells_the_user_to_reconnect ... 
2026-09-03 05:08:01,381 1 INFO rehearse odoo.addons.pan_mail_pro.models.encryption_utils: [Encryption] Generated a new encryption key. Credentials are stored encrypted in the database. 
2026-09-03 05:08:01,386 1 INFO rehearse odoo.addons.pan_mail_pro.models.providers.microsoft.graph_client: Token expired for graph_user@test.local, refreshing... 
2026-09-03 05:08:01,387 1 ERROR rehearse odoo.addons.pan_mail_pro.models.providers.microsoft.graph_client: Failed to refresh token for graph_user@test.local: invalid_grant - 400 Client Error 
2026-09-03 05:08:01,387 1 WARNING rehearse odoo.addons.pan_mail_pro.models.providers.microsoft.graph_client: [OAuth] Permanent token failure for graph_user@test.local, clearing tokens 
2026-09-03 05:08:01,392 1 INFO rehearse odoo.addons.pan_mail_pro.tests.test_microsoft_provider: Starting TestMicrosoftTokenLifecycle.test_no_expiry_and_no_access_token_raises ... 
2026-09-03 05:08:01,398 1 INFO rehearse odoo.addons.pan_mail_pro.models.encryption_utils: [Encryption] Generated a new encryption key. Credentials are stored encrypted in the database. 
2026-09-03 05:08:01,407 1 INFO rehearse odoo.addons.pan_mail_pro.tests.test_microsoft_provider: Starting TestMicrosoftTokenLifecycle.test_refresh_without_a_new_refresh_token_keeps_the_old_one ... 
2026-09-03 05:08:01,412 1 INFO rehearse odoo.addons.pan_mail_pro.models.encryption_utils: [Encryption] Generated a new encryption key. Credentials are stored encrypted in the database. 
2026-09-03 05:08:01,414 1 INFO rehearse odoo.addons.pan_mail_pro.models.providers.microsoft.graph_client: Token expired for graph_user@test.local, refreshing... 
2026-09-03 05:08:01,418 1 INFO rehearse odoo.addons.pan_mail_pro.tests.test_microsoft_provider: Starting TestMicrosoftTokenLifecycle.test_refresh_without_a_refresh_token_raises ... 
2026-09-03 05:08:01,423 1 INFO rehearse odoo.addons.pan_mail_pro.models.encryption_utils: [Encryption] Generated a new encryption key. Credentials are stored encrypted in the database. 
2026-09-03 05:08:01,432 1 INFO rehearse odoo.addons.pan_mail_pro.tests.test_microsoft_provider: Starting TestMicrosoftTokenLifecycle.test_token_inside_the_five_minute_buffer_is_refreshed_early ... 
2026-09-03 05:08:01,437 1 INFO rehearse odoo.addons.pan_mail_pro.models.encryption_utils: [Encryption] Generated a new encryption key. Credentials are stored encrypted in the database. 
2026-09-03 05:08:01,439 1 INFO rehearse odoo.addons.pan_mail_pro.models.providers.microsoft.graph_client: Token expired for graph_user@test.local, refreshing... 
2026-09-03 05:08:01,441 1 INFO rehearse odoo.addons.pan_mail_pro.tests.test_microsoft_provider: Starting TestMicrosoftTokenLifecycle.test_token_outside_the_buffer_is_left_alone ... 
2026-09-03 05:08:01,447 1 INFO rehearse odoo.addons.pan_mail_pro.models.encryption_utils: [Encryption] Generated a new encryption key. Credentials are stored encrypted in the database. 
2026-09-03 05:08:01,450 1 INFO rehearse odoo.addons.pan_mail_pro.tests.test_microsoft_provider: Starting TestMicrosoftTokenLifecycle.test_transient_refresh_error_is_not_a_reconnect_prompt ... 
2026-09-03 05:08:01,457 1 INFO rehearse odoo.addons.pan_mail_pro.models.encryption_utils: [Encryption] Generated a new encryption key. Credentials are stored encrypted in the database. 
2026-09-03 05:08:01,462 1 INFO rehearse odoo.addons.pan_mail_pro.models.providers.microsoft.graph_client: Token expired for graph_user@test.local, refreshing... 
2026-09-03 05:08:01,463 1 ERROR rehearse odoo.addons.pan_mail_pro.models.providers.microsoft.graph_client: Failed to refresh token for graph_user@test.local: temporarily_unavailable - Service is temporarily unavailable 
2026-09-03 05:08:01,472 1 INFO rehearse odoo.addons.base.models.ir_attachment: filestore gc 1 checked, 1 removed 
2026-09-03 05:08:01,478 1 INFO rehearse odoo.addons.pan_mail_pro.tests.test_microsoft_provider: Starting TestGraphAuthorizationScopes.test_both_halves_of_the_draft_then_send_flow_are_requested ... 
2026-09-03 05:08:01,480 1 INFO rehearse odoo.addons.pan_mail_pro.tests.test_microsoft_provider: Starting TestGraphAuthorizationScopes.test_the_documented_permissions_are_the_requested_ones ... 
2026-09-03 05:08:01,484 1 INFO rehearse odoo.addons.base.models.ir_attachment: filestore gc 0 checked, 0 removed 
2026-09-03 05:08:01,946 1 INFO rehearse odoo.addons.pan_mail_pro.models.encryption_utils: [Encryption] Generated a new encryption key. Credentials are stored encrypted in the database. 
2026-09-03 05:08:01,960 1 INFO rehearse odoo.addons.pan_mail_pro.models.pan_mail_mailbox: [Mail Pro] SMTP takeover active — all email routes through the provider API 
2026-09-03 05:08:02,003 1 INFO rehearse odoo.addons.pan_mail_pro.tests.test_neutralized: Starting TestNeutralizedDatabase.test_account_hands_out_no_tokens ... 
2026-09-03 05:08:02,019 1 INFO rehearse odoo.addons.pan_mail_pro.models.encryption_utils: [Encryption] Database is neutralized - refusing to decrypt 
2026-09-03 05:08:02,019 1 INFO rehearse odoo.addons.pan_mail_pro.models.encryption_utils: [Encryption] Database is neutralized - refusing to decrypt 
2026-09-03 05:08:02,021 1 INFO rehearse odoo.addons.pan_mail_pro.tests.test_neutralized: Starting TestNeutralizedDatabase.test_incoming_sync_cron_does_nothing ... 
2026-09-03 05:08:02,025 1 INFO rehearse odoo.addons.pan_mail_pro.models.pan_mail_fetcher: [Incoming Mail] Database is neutralized - skipping sync 
2026-09-03 05:08:02,026 1 INFO rehearse odoo.addons.pan_mail_pro.tests.test_neutralized: Starting TestNeutralizedDatabase.test_manual_sync_is_refused ... 
2026-09-03 05:08:02,036 1 INFO rehearse odoo.addons.pan_mail_pro.tests.test_neutralized: Starting TestNeutralizedDatabase.test_no_credential_can_be_decrypted ... 
2026-09-03 05:08:02,040 1 INFO rehearse odoo.addons.pan_mail_pro.models.encryption_utils: [Encryption] Database is neutralized - refusing to decrypt 
2026-09-03 05:08:02,041 1 INFO rehearse odoo.addons.pan_mail_pro.tests.test_neutralized: Starting TestNeutralizedDatabase.test_outgoing_mail_is_not_sent ... 
2026-09-03 05:08:02,054 1 INFO rehearse odoo.addons.pan_mail_pro.models.mail_mail: [Outgoing Mail] Processing email 88 
2026-09-03 05:08:02,057 1 ERROR rehearse odoo.addons.pan_mail_pro.models.mail_mail: [Outgoing Mail] Mail 88 not sent: This database is neutralized (a staging or test copy), so Mail Pro will not send. The email stays queued. 
2026-09-03 05:08:02,061 1 INFO rehearse odoo.addons.base.models.ir_attachment: filestore gc 4 checked, 4 removed 
2026-09-03 05:08:02,064 1 INFO rehearse odoo.addons.pan_mail_pro.tests.test_no_mailbox_fallback: Starting TestNoMailboxFallback.test_creating_a_user_still_works ... 
2026-09-03 05:08:02,244 1 INFO rehearse odoo.addons.pan_mail_pro.models.mail_mail: [Outgoing Mail] No mailboxes configured — using Odoo's standard mail handling 
2026-09-03 05:08:02,250 1 INFO rehearse odoo.addons.auth_signup.models.res_users: Signup email sent for user <welcome_test@example.com> to <welcome_test@example.com> 
2026-09-03 05:08:02,258 1 INFO rehearse odoo.addons.pan_mail_pro.tests.test_no_mailbox_fallback: Starting TestNoMailboxFallback.test_no_mailboxes_falls_through_to_super ... 
2026-09-03 05:08:02,270 1 INFO rehearse odoo.addons.pan_mail_pro.models.mail_mail: [Outgoing Mail] No mailboxes configured — using Odoo's standard mail handling 
2026-09-03 05:08:02,273 1 INFO rehearse odoo.addons.base.models.ir_attachment: filestore gc 1 checked, 1 removed 
2026-09-03 05:08:02,285 1 INFO rehearse odoo.addons.pan_mail_pro.models.pan_mail_mailbox: [Mail Pro] SMTP takeover active — all email routes through the provider API 
2026-09-03 05:08:02,285 1 INFO rehearse odoo.addons.pan_mail_pro.tests.test_no_mailbox_fallback: Starting TestMailboxesExistButUnusable.test_unroutable_mail_fails_visibly_instead_of_reaching_smtp ... 
2026-09-03 05:08:02,305 1 INFO rehearse odoo.addons.base.models.ir_attachment: filestore gc 0 checked, 0 removed 
2026-09-03 05:08:02,317 1 INFO rehearse odoo.addons.pan_mail_pro.tests.test_onboarding: Starting TestSmtpTakeover.test_first_mailbox_takes_over_smtp ... 
2026-09-03 05:08:02,323 1 INFO rehearse odoo.addons.pan_mail_pro.models.pan_mail_mailbox: [Mail Pro] Disabled SMTP server: Customer SMTP (smtp.example.com) 
2026-09-03 05:08:02,325 1 INFO rehearse odoo.addons.pan_mail_pro.models.pan_mail_mailbox: [Mail Pro] SMTP takeover active — all email routes through the provider API 
2026-09-03 05:08:02,326 1 INFO rehearse odoo.addons.pan_mail_pro.tests.test_onboarding: Starting TestSmtpTakeover.test_smtp_survives_until_the_first_mailbox ... 
2026-09-03 05:08:02,328 1 INFO rehearse odoo.addons.pan_mail_pro.tests.test_onboarding: Starting TestSmtpTakeover.test_takeover_runs_once ... 
2026-09-03 05:08:02,337 1 INFO rehearse odoo.addons.pan_mail_pro.models.pan_mail_mailbox: [Mail Pro] Disabled SMTP server: Customer SMTP (smtp.example.com) 
2026-09-03 05:08:02,339 1 INFO rehearse odoo.addons.pan_mail_pro.models.pan_mail_mailbox: [Mail Pro] SMTP takeover active — all email routes through the provider API 
2026-09-03 05:08:02,345 1 INFO rehearse odoo.addons.base.models.ir_attachment: filestore gc 0 checked, 0 removed 
2026-09-03 05:08:02,530 1 INFO rehearse odoo.addons.pan_mail_pro.models.mail_mail: [Outgoing Mail] No mailboxes configured — using Odoo's standard mail handling 
2026-09-03 05:08:02,536 1 INFO rehearse odoo.addons.auth_signup.models.res_users: Signup email sent for user <colleague@gap.test> to <colleague@gap.test> 
2026-09-03 05:08:02,549 1 INFO rehearse odoo.addons.pan_mail_pro.models.pan_mail_mailbox: [Mail Pro] SMTP takeover active — all email routes through the provider API 
2026-09-03 05:08:02,549 1 INFO rehearse odoo.addons.pan_mail_pro.tests.test_onboarding: Starting TestNotificationGapQueuesMail.test_a_chosen_sender_is_not_held_for_the_notification_mailbox ... 
2026-09-03 05:08:02,562 1 INFO rehearse odoo.addons.pan_mail_pro.models.mail_mail: [Outgoing Mail] Processing email 93 
2026-09-03 05:08:02,568 1 ERROR rehearse odoo.addons.pan_mail_pro.models.mail_mail: [Outgoing Mail] Mail 93 not sent: Nobody is connected who could send from shared mailbox "info@gap.test". 
2026-09-03 05:08:02,570 1 INFO rehearse odoo.addons.pan_mail_pro.tests.test_onboarding: Starting TestNotificationGapQueuesMail.test_external_mail_still_fails_loudly ... 
2026-09-03 05:08:02,579 1 INFO rehearse odoo.addons.pan_mail_pro.models.mail_mail: [Outgoing Mail] Processing email 94 
2026-09-03 05:08:02,583 1 ERROR rehearse odoo.addons.pan_mail_pro.models.mail_mail: [Outgoing Mail] Mail 94 not sent: No Notification mailbox configured. Go to Settings → Mail Pro and create the address system emails are sent from. 
2026-09-03 05:08:02,585 1 INFO rehearse odoo.addons.pan_mail_pro.tests.test_onboarding: Starting TestNotificationGapQueuesMail.test_internal_notification_is_queued_not_cancelled ... 
2026-09-03 05:08:02,599 1 INFO rehearse odoo.addons.pan_mail_pro.models.mail_mail: [Outgoing Mail] Email 95 IS internal user notification to Colleague 
2026-09-03 05:08:02,602 1 WARNING rehearse odoo.addons.pan_mail_pro.models.mail_mail: [Outgoing Mail] Holding 1 internal notification(s) in the queue — no usable notification mailbox configured yet 
2026-09-03 05:08:02,603 1 INFO rehearse odoo.addons.pan_mail_pro.tests.test_onboarding: Starting TestNotificationGapQueuesMail.test_queued_mail_is_visible_in_the_checklist ... 
2026-09-03 05:08:02,617 1 INFO rehearse odoo.addons.pan_mail_pro.models.mail_mail: [Outgoing Mail] Email 96 IS internal user notification to Colleague 
2026-09-03 05:08:02,620 1 WARNING rehearse odoo.addons.pan_mail_pro.models.mail_mail: [Outgoing Mail] Holding 1 internal notification(s) in the queue — no usable notification mailbox configured yet 
2026-09-03 05:08:02,677 1 INFO rehearse odoo.addons.base.models.ir_attachment: filestore gc 1 checked, 1 removed 
2026-09-03 05:08:02,685 1 INFO rehearse odoo.addons.pan_mail_pro.models.encryption_utils: [Encryption] Generated a new encryption key. Credentials are stored encrypted in the database. 
2026-09-03 05:08:02,688 1 INFO rehearse odoo.addons.pan_mail_pro.tests.test_onboarding: Starting TestSetupChecklist.test_domains_step_accepts_either_answer ... 
2026-09-03 05:08:02,779 1 INFO rehearse odoo.addons.pan_mail_pro.tests.test_onboarding: Starting TestSetupChecklist.test_notification_address_is_prefilled_from_the_domain ... 
2026-09-03 05:08:02,819 1 INFO rehearse odoo.addons.pan_mail_pro.tests.test_onboarding: Starting TestSetupChecklist.test_notification_mailbox_is_one_click ... 
2026-09-03 05:08:02,867 1 INFO rehearse odoo.addons.pan_mail_pro.models.pan_mail_mailbox: [Mail Pro] SMTP takeover active — all email routes through the provider API 
2026-09-03 05:08:02,867 1 INFO rehearse odoo.addons.pan_mail_pro.models.res_config_settings: [Mail Pro] Created notification mailbox notifications@checklist.test from setup checklist 
2026-09-03 05:08:02,873 1 INFO rehearse odoo.addons.pan_mail_pro.tests.test_onboarding: Starting TestSetupChecklist.test_notification_mailbox_needs_a_provider ... 
2026-09-03 05:08:02,918 1 INFO rehearse odoo.addons.pan_mail_pro.tests.test_onboarding: Starting TestSetupChecklist.test_refuses_a_second_notification_mailbox ... 
2026-09-03 05:08:02,965 1 INFO rehearse odoo.addons.pan_mail_pro.models.pan_mail_mailbox: [Mail Pro] SMTP takeover active — all email routes through the provider API 
2026-09-03 05:08:02,965 1 INFO rehearse odoo.addons.pan_mail_pro.models.res_config_settings: [Mail Pro] Created notification mailbox notifications@checklist.test from setup checklist 
2026-09-03 05:08:03,000 1 INFO rehearse odoo.addons.pan_mail_pro.tests.test_onboarding: Starting TestSetupChecklist.test_suggestion_button_fills_the_domain_field ... 
2026-09-03 05:08:03,008 1 INFO rehearse odoo.addons.pan_mail_pro.models.pan_mail_mailbox: [Mail Pro] SMTP takeover active — all email routes through the provider API 
2026-09-03 05:08:03,055 1 INFO rehearse odoo.addons.pan_mail_pro.tests.test_onboarding: Starting TestSetupChecklist.test_uncovered_mailbox_domain_surfaces_in_settings ... 
2026-09-03 05:08:03,065 1 INFO rehearse odoo.addons.pan_mail_pro.models.pan_mail_mailbox: [Mail Pro] SMTP takeover active — all email routes through the provider API 
2026-09-03 05:08:03,116 1 INFO rehearse odoo.addons.base.models.ir_attachment: filestore gc 0 checked, 0 removed 
2026-09-03 05:08:03,128 1 INFO rehearse odoo.addons.pan_mail_pro.models.pan_mail_mailbox: [Mail Pro] SMTP takeover active — all email routes through the provider API 
2026-09-03 05:08:03,128 1 INFO rehearse odoo.addons.pan_mail_pro.tests.test_outgoing_mail: Starting TestGraphSendPayload.test_cc_only_still_sends ... 
2026-09-03 05:08:03,139 1 INFO rehearse odoo.addons.pan_mail_pro.models.providers.microsoft.graph_client: [Graph API] Using delegated token for odoobot@example.com to send from mailbox: sender@company.com 
2026-09-03 05:08:03,139 1 INFO rehearse odoo.addons.pan_mail_pro.models.providers.microsoft.graph_client: [Graph API] Sending email from sender@company.com to [] cc ['cc@example.com'] 
2026-09-03 05:08:03,140 1 INFO rehearse odoo.addons.pan_mail_pro.models.providers.microsoft.graph_client: [Graph API] Created draft - Message-ID: <msg@example.com>, Conversation-ID: CONV_ID 
2026-09-03 05:08:03,140 1 INFO rehearse odoo.addons.pan_mail_pro.models.providers.microsoft.graph_client: [Graph API] Successfully sent email <msg@example.com> 
2026-09-03 05:08:03,141 1 INFO rehearse odoo.addons.pan_mail_pro.tests.test_outgoing_mail: Starting TestGraphSendPayload.test_cc_recipients_included ... 
2026-09-03 05:08:03,153 1 INFO rehearse odoo.addons.pan_mail_pro.models.providers.microsoft.graph_client: [Graph API] Using delegated token for odoobot@example.com to send from mailbox: sender@company.com 
2026-09-03 05:08:03,153 1 INFO rehearse odoo.addons.pan_mail_pro.models.providers.microsoft.graph_client: [Graph API] Sending email from sender@company.com to ['to@example.com'] cc ['cc1@example.com', 'cc2@example.com'] 
2026-09-03 05:08:03,154 1 INFO rehearse odoo.addons.pan_mail_pro.models.providers.microsoft.graph_client: [Graph API] Created draft - Message-ID: <msg@example.com>, Conversation-ID: CONV_ID 
2026-09-03 05:08:03,154 1 INFO rehearse odoo.addons.pan_mail_pro.models.providers.microsoft.graph_client: [Graph API] Successfully sent email <msg@example.com> 
2026-09-03 05:08:03,155 1 INFO rehearse odoo.addons.pan_mail_pro.tests.test_outgoing_mail: Starting TestGraphSendPayload.test_no_cc_omits_key ... 
2026-09-03 05:08:03,167 1 INFO rehearse odoo.addons.pan_mail_pro.models.providers.microsoft.graph_client: [Graph API] Using delegated token for odoobot@example.com to send from mailbox: sender@company.com 
2026-09-03 05:08:03,167 1 INFO rehearse odoo.addons.pan_mail_pro.models.providers.microsoft.graph_client: [Graph API] Sending email from sender@company.com to ['to@example.com'] cc [] 
2026-09-03 05:08:03,168 1 INFO rehearse odoo.addons.pan_mail_pro.models.providers.microsoft.graph_client: [Graph API] Created draft - Message-ID: <msg@example.com>, Conversation-ID: CONV_ID 
2026-09-03 05:08:03,168 1 INFO rehearse odoo.addons.pan_mail_pro.models.providers.microsoft.graph_client: [Graph API] Successfully sent email <msg@example.com> 
2026-09-03 05:08:03,172 1 INFO rehearse odoo.addons.base.models.ir_attachment: filestore gc 0 checked, 0 removed 
2026-09-03 05:08:03,216 1 INFO rehearse odoo.addons.pan_mail_pro.models.pan_mail_mailbox: [Mail Pro] SMTP takeover active — all email routes through the provider API 
2026-09-03 05:08:03,217 1 INFO rehearse odoo.addons.pan_mail_pro.tests.test_outgoing_threading: Starting TestReplyContext.test_a_fresh_mail_has_nothing_to_thread_onto ... 
2026-09-03 05:08:03,230 1 INFO rehearse odoo.addons.pan_mail_pro.tests.test_outgoing_threading: Starting TestReplyContext.test_a_long_chain_keeps_the_root_and_the_nearest_ancestors ... 
2026-09-03 05:08:03,295 1 INFO rehearse odoo.addons.pan_mail_pro.tests.test_outgoing_threading: Starting TestReplyContext.test_another_mailbox_s_thread_is_not_borrowed ... 
2026-09-03 05:08:03,316 1 INFO rehearse odoo.addons.pan_mail_pro.tests.test_outgoing_threading: Starting TestReplyContext.test_chain_is_root_first_and_in_reply_to_is_the_direct_parent ... 
2026-09-03 05:08:03,355 1 INFO rehearse odoo.addons.pan_mail_pro.tests.test_outgoing_threading: Starting TestReplyContext.test_the_wire_message_id_wins_over_odoo_s_own ... 
2026-09-03 05:08:03,392 1 INFO rehearse odoo.addons.pan_mail_pro.tests.test_outgoing_threading: Starting TestReplyContext.test_thread_handles_come_from_the_link_for_this_mailbox ... 
2026-09-03 05:08:03,411 1 INFO rehearse odoo.addons.base.models.ir_attachment: filestore gc 0 checked, 0 removed 
2026-09-03 05:08:03,449 1 INFO rehearse odoo.addons.pan_mail_pro.tests.test_outgoing_threading: Starting TestGmailOutgoingThreading.test_reply_carries_in_reply_to_and_references ... 
2026-09-03 05:08:03,460 1 INFO rehearse odoo.addons.pan_mail_pro.models.pan_mail_mailbox: [Mail Pro] SMTP takeover active — all email routes through the provider API 
2026-09-03 05:08:03,464 1 INFO rehearse odoo.addons.pan_mail_pro.models.encryption_utils: [Encryption] Generated a new encryption key. Credentials are stored encrypted in the database. 
2026-09-03 05:08:03,477 1 INFO rehearse odoo.addons.pan_mail_pro.tests.test_outgoing_threading: Starting TestGmailOutgoingThreading.test_sending_without_a_reply_context_still_works ... 
2026-09-03 05:08:03,486 1 INFO rehearse odoo.addons.pan_mail_pro.models.pan_mail_mailbox: [Mail Pro] SMTP takeover active — all email routes through the provider API 
2026-09-03 05:08:03,489 1 INFO rehearse odoo.addons.pan_mail_pro.models.encryption_utils: [Encryption] Generated a new encryption key. Credentials are stored encrypted in the database. 
2026-09-03 05:08:03,507 1 INFO rehearse odoo.addons.pan_mail_pro.tests.test_outgoing_threading: Starting TestGmailOutgoingThreading.test_thread_id_is_not_claimed_without_headers_to_back_it ... 
2026-09-03 05:08:03,516 1 INFO rehearse odoo.addons.pan_mail_pro.models.pan_mail_mailbox: [Mail Pro] SMTP takeover active — all email routes through the provider API 
2026-09-03 05:08:03,519 1 INFO rehearse odoo.addons.pan_mail_pro.models.encryption_utils: [Encryption] Generated a new encryption key. Credentials are stored encrypted in the database. 
2026-09-03 05:08:03,539 1 INFO rehearse odoo.addons.base.models.ir_attachment: filestore gc 0 checked, 0 removed 
2026-09-03 05:08:03,580 1 INFO rehearse odoo.addons.pan_mail_pro.models.pan_mail_mailbox: [Mail Pro] SMTP takeover active — all email routes through the provider API 
2026-09-03 05:08:03,584 1 INFO rehearse odoo.addons.pan_mail_pro.models.encryption_utils: [Encryption] Generated a new encryption key. Credentials are stored encrypted in the database. 
2026-09-03 05:08:03,585 1 INFO rehearse odoo.addons.pan_mail_pro.tests.test_outgoing_threading: Starting TestGraphOutgoingThreading.test_a_stale_parent_falls_back_to_a_plain_draft ... 
2026-09-03 05:08:03,599 1 INFO rehearse odoo.addons.pan_mail_pro.models.providers.microsoft.graph_client: [Graph API] Using delegated token for support@test.local to send from mailbox: support@test.local 
2026-09-03 05:08:03,599 1 INFO rehearse odoo.addons.pan_mail_pro.models.providers.microsoft.graph_client: [Graph API] Sending email from support@test.local to ['customer@example.com'] cc [] 
2026-09-03 05:08:03,600 1 WARNING rehearse odoo.addons.pan_mail_pro.models.providers.microsoft.graph_client: [Graph API] createReply on GONE failed (404 Not Found); sending unthreaded 
2026-09-03 05:08:03,600 1 INFO rehearse odoo.addons.pan_mail_pro.models.providers.microsoft.graph_client: [Graph API] Created draft - Message-ID: <plain@outlook.com>, Conversation-ID: CONV-PLAIN 
2026-09-03 05:08:03,601 1 INFO rehearse odoo.addons.pan_mail_pro.models.providers.microsoft.graph_client: [Graph API] Successfully sent email <plain@outlook.com> 
2026-09-03 05:08:03,602 1 INFO rehearse odoo.addons.pan_mail_pro.tests.test_outgoing_threading: Starting TestGraphOutgoingThreading.test_no_parent_means_the_plain_draft_flow ... 
2026-09-03 05:08:03,615 1 INFO rehearse odoo.addons.pan_mail_pro.models.providers.microsoft.graph_client: [Graph API] Using delegated token for support@test.local to send from mailbox: support@test.local 
2026-09-03 05:08:03,616 1 INFO rehearse odoo.addons.pan_mail_pro.models.providers.microsoft.graph_client: [Graph API] Sending email from support@test.local to ['customer@example.com'] cc [] 
2026-09-03 05:08:03,616 1 INFO rehearse odoo.addons.pan_mail_pro.models.providers.microsoft.graph_client: [Graph API] Created draft - Message-ID: <plain@outlook.com>, Conversation-ID: CONV-PLAIN 
2026-09-03 05:08:03,617 1 INFO rehearse odoo.addons.pan_mail_pro.models.providers.microsoft.graph_client: [Graph API] Successfully sent email <plain@outlook.com> 
2026-09-03 05:08:03,617 1 INFO rehearse odoo.addons.pan_mail_pro.tests.test_outgoing_threading: Starting TestGraphOutgoingThreading.test_reply_goes_through_create_reply_and_a_patch ... 
2026-09-03 05:08:03,631 1 INFO rehearse odoo.addons.pan_mail_pro.models.providers.microsoft.graph_client: [Graph API] Using delegated token for support@test.local to send from mailbox: support@test.local 
2026-09-03 05:08:03,632 1 INFO rehearse odoo.addons.pan_mail_pro.models.providers.microsoft.graph_client: [Graph API] Sending email from support@test.local to ['customer@example.com'] cc [] 
2026-09-03 05:08:03,633 1 INFO rehearse odoo.addons.pan_mail_pro.models.providers.microsoft.graph_client: [Graph API] Threaded reply onto message GRAPH-MSG-9 
2026-09-03 05:08:03,633 1 INFO rehearse odoo.addons.pan_mail_pro.models.providers.microsoft.graph_client: [Graph API] Created draft - Message-ID: <threaded@outlook.com>, Conversation-ID: CONV-9 
2026-09-03 05:08:03,633 1 INFO rehearse odoo.addons.pan_mail_pro.models.providers.microsoft.graph_client: [Graph API] Successfully sent email <threaded@outlook.com> 
2026-09-03 05:08:03,636 1 INFO rehearse odoo.addons.base.models.ir_attachment: filestore gc 0 checked, 0 removed 
2026-09-03 05:08:03,637 1 INFO rehearse odoo.addons.pan_mail_pro.tests.test_provider_contract: Starting TestProviderRegistry.test_every_client_implements_the_whole_contract ... 
2026-09-03 05:08:03,639 1 INFO rehearse odoo.addons.pan_mail_pro.tests.test_provider_contract: Starting TestProviderRegistry.test_every_registered_provider_resolves_to_a_client ... 
2026-09-03 05:08:03,641 1 INFO rehearse odoo.addons.pan_mail_pro.tests.test_provider_contract: Starting TestProviderRegistry.test_mailbox_resolves_to_its_client ... 
2026-09-03 05:08:03,650 1 INFO rehearse odoo.addons.pan_mail_pro.models.pan_mail_mailbox: [Mail Pro] SMTP takeover active — all email routes through the provider API 
2026-09-03 05:08:03,651 1 INFO rehearse odoo.addons.pan_mail_pro.tests.test_provider_contract: Starting TestProviderRegistry.test_unknown_provider_raises ... 
2026-09-03 05:08:03,654 1 WARNING rehearse odoo.tools.translate: no translation language detected, skipping translation <frame at 0x7f2e97d9f780, file '/mnt/extra-addons/pan_mail_pro/models/mail_provider_client.py', line 184, code get_provider_client> 
Stack (most recent call last):
  File "/usr/bin/odoo", line 6, in <module>
    odoo.cli.main()
  File "/usr/lib/python3/dist-packages/odoo/cli/command.py", line 133, in main
    command().run(args)
  File "/usr/lib/python3/dist-packages/odoo/cli/server.py", line 127, in run
    main(args)
  File "/usr/lib/python3/dist-packages/odoo/cli/server.py", line 118, in main
    rc = server.start(preload=config['db_name'], stop=stop)
  File "/usr/lib/python3/dist-packages/odoo/service/server.py", line 1671, in start
    rc = server.run(preload, stop)
  File "/usr/lib/python3/dist-packages/odoo/service/server.py", line 708, in run
    rc = preload_registries(preload)
  File "/usr/lib/python3/dist-packages/odoo/service/server.py", line 1601, in preload_registries
    result = loader.run_suite(post_install_suite, global_report=registry._assertion_report)
  File "/usr/lib/python3/dist-packages/odoo/tests/loader.py", line 116, in run_suite
    suite(results)
  File "/usr/lib/python3.12/unittest/suite.py", line 84, in __call__
    return self.run(*args, **kwds)
  File "/usr/lib/python3/dist-packages/odoo/tests/suite.py", line 79, in run
    test(result)
  File "/usr/lib/python3.12/unittest/case.py", line 690, in __call__
    return self.run(*args, **kwds)
  File "/usr/lib/python3/dist-packages/odoo/tests/case.py", line 216, in run
    self._callTestMethod(testMethod)
  File "/usr/lib/python3/dist-packages/odoo/tests/case.py", line 184, in _callTestMethod
    method()
  File "/mnt/extra-addons/pan_mail_pro/tests/test_provider_contract.py", line 68, in test_unknown_provider_raises
    get_provider_client(self.env, 'carrier-pigeon')
  File "/mnt/extra-addons/pan_mail_pro/models/mail_provider_client.py", line 184, in get_provider_client
    raise UserError(_('No email client available for provider "%s".') % provider_code)
  File "/usr/lib/python3/dist-packages/odoo/tools/translate.py", line 581, in get_text_alias
    module, lang = _get_translation_source(1)
  File "/usr/lib/python3/dist-packages/odoo/tools/translate.py", line 570, in _get_translation_source
    lang = lang or _get_lang(frame, default_lang)
  File "/usr/lib/python3/dist-packages/odoo/tools/translate.py", line 561, in _get_lang
    _logger.log(log_level, 'no translation language detected, skipping translation %s', frame, stack_info=True)
2026-09-03 05:08:03,657 1 INFO rehearse odoo.addons.base.models.ir_attachment: filestore gc 0 checked, 0 removed 
2026-09-03 05:08:03,657 1 INFO rehearse odoo.addons.pan_mail_pro.tests.test_provider_contract: Starting TestProviderCapabilities.test_mailbox_type_is_validated_against_provider_on_create ... 
2026-09-03 05:08:03,672 1 INFO rehearse odoo.addons.pan_mail_pro.tests.test_provider_contract: Starting TestProviderCapabilities.test_notification_mailbox_sends_with_owner_token ... 
2026-09-03 05:08:03,836 1 INFO rehearse odoo.addons.pan_mail_pro.models.mail_mail: [Outgoing Mail] No mailboxes configured — using Odoo's standard mail handling 
2026-09-03 05:08:03,842 1 INFO rehearse odoo.addons.auth_signup.models.res_users: Signup email sent for user <notify-owner@company.test> to <notify-owner@company.test> 
2026-09-03 05:08:03,984 1 INFO rehearse odoo.addons.pan_mail_pro.models.mail_mail: [Outgoing Mail] No mailboxes configured — using Odoo's standard mail handling 
2026-09-03 05:08:03,990 1 INFO rehearse odoo.addons.auth_signup.models.res_users: Signup email sent for user <someone-else@company.test> to <someone-else@company.test> 
2026-09-03 05:08:03,999 1 INFO rehearse odoo.addons.pan_mail_pro.tests.test_provider_contract: Starting TestProviderCapabilities.test_outlook_supports_shared_mailboxes ... 
2026-09-03 05:08:04,001 1 INFO rehearse odoo.addons.pan_mail_pro.tests.test_provider_contract: Starting TestProviderCapabilities.test_reading_a_mailbox_uses_the_owners_token ... 
2026-09-03 05:08:04,163 1 INFO rehearse odoo.addons.pan_mail_pro.models.mail_mail: [Outgoing Mail] No mailboxes configured — using Odoo's standard mail handling 
2026-09-03 05:08:04,168 1 INFO rehearse odoo.addons.auth_signup.models.res_users: Signup email sent for user <reader@company.test> to <reader@company.test> 
2026-09-03 05:08:04,176 1 INFO rehearse odoo.addons.pan_mail_pro.tests.test_provider_contract: Starting TestProviderCapabilities.test_shared_mailbox_sends_with_author_token ... 
2026-09-03 05:08:04,336 1 INFO rehearse odoo.addons.pan_mail_pro.models.mail_mail: [Outgoing Mail] No mailboxes configured — using Odoo's standard mail handling 
2026-09-03 05:08:04,341 1 INFO rehearse odoo.addons.auth_signup.models.res_users: Signup email sent for user <author@company.test> to <author@company.test> 
2026-09-03 05:08:04,349 1 INFO rehearse odoo.addons.pan_mail_pro.tests.test_provider_contract: Starting TestProviderCapabilities.test_unsupported_mailbox_type_is_rejected ... 
2026-09-03 05:08:04,358 1 INFO rehearse odoo.addons.base.models.ir_attachment: filestore gc 4 checked, 4 removed 
2026-09-03 05:08:04,359 1 INFO rehearse odoo.addons.pan_mail_pro.tests.test_provider_contract: Starting TestGraphNormalization.test_folder_ids_map_to_graph_names ... 
2026-09-03 05:08:04,364 1 INFO rehearse odoo.addons.pan_mail_pro.tests.test_provider_contract: Starting TestGraphNormalization.test_full_message_is_normalized ... 
2026-09-03 05:08:04,365 1 INFO rehearse odoo.addons.pan_mail_pro.tests.test_provider_contract: Starting TestGraphNormalization.test_list_message_without_body_falls_back_to_preview ... 
2026-09-03 05:08:04,366 1 INFO rehearse odoo.addons.pan_mail_pro.tests.test_provider_contract: Starting TestGraphNormalization.test_send_result_is_normalized ... 
2026-09-03 05:08:04,367 1 INFO rehearse odoo.addons.pan_mail_pro.tests.test_provider_contract: Starting TestGraphNormalization.test_unparseable_date_does_not_raise ... 
2026-09-03 05:08:04,367 1 WARNING rehearse odoo.addons.pan_mail_pro.models.providers.microsoft.graph_client: [Graph API] Unparseable receivedDateTime: not-a-date 
2026-09-03 05:08:04,370 1 INFO rehearse odoo.addons.base.models.ir_attachment: filestore gc 0 checked, 0 removed 
2026-09-03 05:08:04,371 1 INFO rehearse odoo.addons.pan_mail_pro.tests.test_provider_contract: Starting TestNeutralizedProviderCalls.test_no_oauth_client_will_exchange_an_authorization_code ... 
2026-09-03 05:08:04,379 1 INFO rehearse odoo.addons.pan_mail_pro.tests.test_provider_contract: Starting TestNeutralizedProviderCalls.test_no_registered_client_will_contact_its_provider ... 
2026-09-03 05:08:04,393 1 INFO rehearse odoo.addons.base.models.ir_attachment: filestore gc 0 checked, 0 removed 
2026-09-03 05:08:04,394 1 INFO rehearse odoo.addons.pan_mail_pro.tests.test_provider_contract: Starting TestHeaderAllowlist.test_every_client_strips_bcc_from_a_sent_item ... 
2026-09-03 05:08:04,396 1 INFO rehearse odoo.addons.pan_mail_pro.tests.test_provider_contract: Starting TestHeaderAllowlist.test_nothing_outside_the_allowlist_survives ... 
2026-09-03 05:08:04,397 1 INFO rehearse odoo.addons.pan_mail_pro.tests.test_provider_contract: Starting TestHeaderAllowlist.test_the_allowlist_carries_what_the_module_reads ... 
2026-09-03 05:08:04,399 1 INFO rehearse odoo.addons.base.models.ir_attachment: filestore gc 0 checked, 0 removed 
2026-09-03 05:08:04,400 1 INFO rehearse odoo.addons.pan_mail_pro.tests.test_provider_contract: Starting TestOutgoingCarriesNoBcc.test_the_built_mime_has_no_bcc_header ... 
2026-09-03 05:08:04,412 1 INFO rehearse odoo.addons.pan_mail_pro.tests.test_provider_contract: Starting TestOutgoingCarriesNoBcc.test_the_smtp_envelope_is_exactly_to_plus_cc ... 
2026-09-03 05:08:04,415 1 INFO rehearse odoo.addons.base.models.ir_attachment: filestore gc 0 checked, 0 removed 
2026-09-03 05:08:04,416 1 INFO rehearse odoo.addons.pan_mail_pro.tests.test_rename_migration: Starting TestRenameMigration.test_encryption_key_is_adopted_from_its_old_name ... 
2026-09-03 05:08:04,429 1 INFO rehearse odoo.models.unlink: User #1 deleted ir.config_parameter records with IDs: [247] 
2026-09-03 05:08:04,430 1 INFO rehearse odoo.addons.pan_mail_pro.models.encryption_utils: [Encryption] Adopted the encryption key from its pre-19.0.6.0.0 name 
2026-09-03 05:08:04,434 1 INFO rehearse odoo.models.unlink: User #1 deleted ir.config_parameter records with IDs: [248] 
2026-09-03 05:08:04,435 1 INFO rehearse odoo.addons.pan_mail_pro.tests.test_rename_migration: Starting TestRenameMigration.test_post_migrate_is_a_no_op_without_the_column ... 
2026-09-03 05:08:04,443 1 INFO rehearse pan_rename_post-migrate: [Mail Pro] Indexed 0 provider Message-ID(s) from the legacy column 
2026-09-03 05:08:04,444 1 INFO rehearse pan_rename_post-migrate: [Mail Pro] Dropped the provider-id columns from mail_message and mail_mail 
2026-09-03 05:08:04,444 1 INFO rehearse odoo.addons.pan_mail_pro.tests.test_rename_migration: Starting TestRenameMigration.test_post_migrate_moves_legacy_wire_ids_into_the_ref_index ... 
2026-09-03 05:08:04,463 1 INFO rehearse pan_rename_post-migrate: [Mail Pro] Indexed 1 provider Message-ID(s) from the legacy column 
2026-09-03 05:08:04,464 1 INFO rehearse pan_rename_post-migrate: [Mail Pro] Dropped the provider-id columns from mail_message and mail_mail 
2026-09-03 05:08:04,471 1 INFO rehearse odoo.addons.pan_mail_pro.tests.test_rename_migration: Starting TestRenameMigration.test_post_migrate_skips_ids_already_indexed_or_native ... 
2026-09-03 05:08:04,496 1 INFO rehearse pan_rename_post-migrate: [Mail Pro] Indexed 0 provider Message-ID(s) from the legacy column 
2026-09-03 05:08:04,497 1 INFO rehearse pan_rename_post-migrate: [Mail Pro] Dropped the provider-id columns from mail_message and mail_mail 
2026-09-03 05:08:04,499 1 INFO rehearse odoo.addons.pan_mail_pro.tests.test_rename_migration: Starting TestRenameMigration.test_pre_migrate_is_a_no_op_on_a_renamed_database ... 
2026-09-03 05:08:04,541 1 INFO rehearse pan_rename_pre-migrate: [Mail Pro] Renamed fields on 5 model(s) 
2026-09-03 05:08:04,544 1 INFO rehearse pan_rename_pre-migrate: [Mail Pro] Renamed 0 xml id(s) 
2026-09-03 05:08:04,546 1 INFO rehearse pan_rename_pre-migrate: [Mail Pro] Renamed 0 configuration parameter(s) 
2026-09-03 05:08:04,551 1 INFO rehearse odoo.addons.pan_mail_pro.tests.test_rename_migration: Starting TestRenameMigration.test_pre_migrate_keeps_an_existing_new_parameter ... 
2026-09-03 05:08:04,558 1 INFO rehearse pan_rename_pre-migrate: [Mail Pro] Renamed 0 configuration parameter(s) 
2026-09-03 05:08:04,559 1 INFO rehearse odoo.addons.pan_mail_pro.tests.test_rename_migration: Starting TestRenameMigration.test_pre_migrate_renames_an_xmlid_once ... 
2026-09-03 05:08:04,567 1 INFO rehearse pan_rename_pre-migrate: [Mail Pro] Renamed 1 xml id(s) 
2026-09-03 05:08:04,570 1 INFO rehearse pan_rename_pre-migrate: [Mail Pro] Renamed 0 xml id(s) 
2026-09-03 05:08:04,571 1 INFO rehearse odoo.addons.pan_mail_pro.tests.test_rename_migration: Starting TestRenameMigration.test_pre_migrate_renames_config_parameters ... 
2026-09-03 05:08:04,577 1 INFO rehearse pan_rename_pre-migrate: [Mail Pro] Renamed 1 configuration parameter(s) 
2026-09-03 05:08:04,580 1 INFO rehearse odoo.addons.base.models.ir_attachment: filestore gc 0 checked, 0 removed 
2026-09-03 05:08:04,592 1 INFO rehearse odoo.addons.pan_mail_pro.models.pan_mail_mailbox: [Mail Pro] SMTP takeover active — all email routes through the provider API 
2026-09-03 05:08:04,661 1 INFO rehearse odoo.addons.pan_mail_pro.tests.test_routing_log: Starting TestRoutingLog.test_a_clean_new_record_does_not_need_review ... 
2026-09-03 05:08:04,672 1 INFO rehearse odoo.addons.pan_mail_pro.tests.test_routing_log: Starting TestRoutingLog.test_a_fallback_needs_review ... 
2026-09-03 05:08:04,692 1 INFO rehearse odoo.addons.pan_mail_pro.tests.test_routing_log: Starting TestRoutingLog.test_a_new_record_with_candidates_needs_review ... 
2026-09-03 05:08:04,700 1 INFO rehearse odoo.addons.pan_mail_pro.tests.test_routing_log: Starting TestRoutingLog.test_a_routed_mail_records_where_and_why ... 
2026-09-03 05:08:04,707 1 INFO rehearse odoo.addons.pan_mail_pro.tests.test_routing_log: Starting TestRoutingLog.test_a_threaded_mail_does_not_need_review ... 
2026-09-03 05:08:04,714 1 INFO rehearse odoo.addons.pan_mail_pro.tests.test_routing_log: Starting TestRoutingLog.test_candidates_are_written_out_readably ... 
2026-09-03 05:08:04,721 1 INFO rehearse odoo.addons.pan_mail_pro.tests.test_routing_log: Starting TestRoutingLog.test_gc_removes_old_rows_but_keeps_anything_awaiting_a_human ... 
2026-09-03 05:08:04,748 1 INFO rehearse odoo.addons.pan_mail_pro.models.pan_mail_routing_log: [Mail Matcher] Removing 2 routing log row(s) older than 90 day(s) 
2026-09-03 05:08:04,752 1 INFO rehearse odoo.models.unlink: User #1 deleted pan.mail.routing.log records with IDs: [39, 37] 
2026-09-03 05:08:04,754 1 INFO rehearse odoo.addons.pan_mail_pro.tests.test_routing_log: Starting TestRoutingLog.test_marking_reviewed_clears_it_from_the_queue ... 
2026-09-03 05:08:04,774 1 INFO rehearse odoo.addons.pan_mail_pro.tests.test_routing_log: Starting TestRoutingLog.test_open_target_is_harmless_when_the_record_is_gone ... 
2026-09-03 05:08:04,792 1 INFO rehearse odoo.addons.pan_mail_pro.tests.test_routing_log: Starting TestRoutingLog.test_open_target_returns_an_action_for_the_record ... 
2026-09-03 05:08:04,799 1 INFO rehearse odoo.addons.pan_mail_pro.tests.test_routing_log: Starting TestRoutingLog.test_retention_is_configurable ... 
2026-09-03 05:08:04,805 1 INFO rehearse odoo.addons.pan_mail_pro.tests.test_routing_log: Starting TestRoutingLog.test_sent_items_do_not_flood_the_queue ... 
2026-09-03 05:08:04,825 1 INFO rehearse odoo.addons.base.models.ir_attachment: filestore gc 0 checked, 0 removed 
2026-09-03 05:08:04,827 1 INFO rehearse odoo.addons.pan_mail_pro.tests.test_setup_flow: Starting TestSetupFlow.test_existing_database_lands_on_its_configured_provider ... 
2026-09-03 05:08:04,844 1 INFO rehearse odoo.addons.pan_mail_pro.tests.test_setup_flow: Starting TestSetupFlow.test_google_credentials_complete_without_tenant ... 
2026-09-03 05:08:04,845 1 INFO rehearse odoo.addons.pan_mail_pro.tests.test_setup_flow: Starting TestSetupFlow.test_google_only_database_lands_on_gmail ... 
2026-09-03 05:08:04,861 1 INFO rehearse odoo.addons.pan_mail_pro.tests.test_setup_flow: Starting TestSetupFlow.test_imap_setup_is_measured_by_its_accounts ... 
2026-09-03 05:08:04,867 1 INFO rehearse odoo.addons.pan_mail_pro.models.encryption_utils: [Encryption] Generated a new encryption key. Credentials are stored encrypted in the database. 
2026-09-03 05:08:04,870 1 INFO rehearse odoo.addons.pan_mail_pro.tests.test_setup_flow: Starting TestSetupFlow.test_microsoft_credentials_complete_only_with_tenant ... 
2026-09-03 05:08:04,877 1 INFO rehearse odoo.addons.pan_mail_pro.tests.test_setup_flow: Starting TestSetupFlow.test_microsoft_credentials_do_not_count_for_gmail ... 
2026-09-03 05:08:04,884 1 INFO rehearse odoo.addons.pan_mail_pro.tests.test_setup_flow: Starting TestSetupFlow.test_no_provider_selected_means_no_steps ... 
2026-09-03 05:08:04,885 1 INFO rehearse odoo.addons.pan_mail_pro.tests.test_setup_flow: Starting TestSetupFlow.test_picker_offers_exactly_the_registered_providers ... 
2026-09-03 05:08:04,885 1 INFO rehearse odoo.addons.pan_mail_pro.tests.test_setup_flow: Starting TestSetupFlow.test_stored_choice_wins_over_the_fallback ... 
2026-09-03 05:08:04,901 1 INFO rehearse odoo.addons.pan_mail_pro.tests.test_setup_flow: Starting TestSetupFlow.test_unconfigured_database_preselects_nothing ... 
2026-09-03 05:08:04,918 1 INFO rehearse odoo.addons.base.models.ir_attachment: filestore gc 0 checked, 0 removed 
2026-09-03 05:08:05,343 1 INFO rehearse odoo.addons.pan_mail_pro.models.encryption_utils: [Encryption] Generated a new encryption key. Credentials are stored encrypted in the database. 
2026-09-03 05:08:05,357 1 INFO rehearse odoo.addons.pan_mail_pro.models.pan_mail_mailbox: [Mail Pro] SMTP takeover active — all email routes through the provider API 
2026-09-03 05:08:05,399 1 INFO rehearse odoo.addons.pan_mail_pro.tests.test_sync_sends_nothing: Starting TestNotifyBoundary.test_an_imported_post_notifies_nobody ... 
2026-09-03 05:08:05,423 1 INFO rehearse odoo.addons.pan_mail_pro.tests.test_sync_sends_nothing: Starting TestNotifyBoundary.test_odoo_still_queues_its_own_outgoing_mail ... 
2026-09-03 05:08:05,516 1 INFO rehearse odoo.addons.pan_mail_pro.tests.test_sync_sends_nothing: Starting TestNotifyBoundary.test_the_same_post_without_the_flag_does_notify ... 
2026-09-03 05:08:05,612 1 INFO rehearse odoo.addons.base.models.ir_attachment: filestore gc 4 checked, 4 removed 
2026-09-03 05:08:06,034 1 INFO rehearse odoo.addons.pan_mail_pro.models.encryption_utils: [Encryption] Generated a new encryption key. Credentials are stored encrypted in the database. 
2026-09-03 05:08:06,048 1 INFO rehearse odoo.addons.pan_mail_pro.models.pan_mail_mailbox: [Mail Pro] SMTP takeover active — all email routes through the provider API 
2026-09-03 05:08:06,088 1 INFO rehearse odoo.addons.pan_mail_pro.tests.test_sync_sends_nothing: Starting TestGraphSyncSendsNothing.test_inbox_sync_sends_nothing ... 
2026-09-03 05:08:06,099 1 INFO rehearse odoo.addons.pan_mail_pro.models.pan_mail_fetcher: [Incoming Mail] Processing mailbox: sales@company.test 
2026-09-03 05:08:06,101 1 INFO rehearse odoo.addons.pan_mail_pro.models.providers.microsoft.graph_client: [Graph API] Fetched 1 messages from sales@company.test/Inbox 
2026-09-03 05:08:06,107 1 INFO rehearse odoo.addons.pan_mail_pro.models.pan_mail_fetcher: [Incoming Mail] Processing message <quiet-sync-001@example.com> 
2026-09-03 05:08:06,110 1 INFO rehearse odoo.addons.pan_mail_pro.models.pan_mail_matcher: [Mail Matcher] unmatched — No rule reached the routing threshold (0 proposal(s)) 
2026-09-03 05:08:06,111 1 INFO rehearse odoo.addons.pan_mail_pro.models.pan_mail_fetcher: [Incoming Mail] Routing to contact chatter for mailbox sales@company.test 
2026-09-03 05:08:06,122 1 INFO rehearse odoo.addons.pan_mail_pro.models.pan_mail_fetcher: [Incoming Mail] Successfully processed: <quiet-sync-001@example.com> -> res.partner/191 
2026-09-03 05:08:06,125 1 INFO rehearse odoo.addons.pan_mail_pro.models.providers.microsoft.graph_client: [Graph API] Fetched 0 messages from sales@company.test/SentItems 
2026-09-03 05:08:06,125 1 INFO rehearse odoo.addons.pan_mail_pro.models.pan_mail_fetcher: [Incoming Mail] Processed 1 message(s) from sales@company.test 
2026-09-03 05:08:06,127 1 INFO rehearse odoo.addons.pan_mail_pro.tests.test_sync_sends_nothing: Starting TestGraphSyncSendsNothing.test_sent_items_sync_sends_nothing ... 
2026-09-03 05:08:06,131 1 INFO rehearse odoo.addons.pan_mail_pro.models.pan_mail_fetcher: [Incoming Mail] Processing mailbox: sales@company.test 
2026-09-03 05:08:06,133 1 INFO rehearse odoo.addons.pan_mail_pro.models.providers.microsoft.graph_client: [Graph API] Fetched 0 messages from sales@company.test/Inbox 
2026-09-03 05:08:06,134 1 INFO rehearse odoo.addons.pan_mail_pro.models.providers.microsoft.graph_client: [Graph API] Fetched 1 messages from sales@company.test/SentItems 
2026-09-03 05:08:06,146 1 INFO rehearse odoo.addons.pan_mail_pro.models.pan_mail_fetcher: [Incoming Mail] Processing message <quiet-sync-001@example.com> 
2026-09-03 05:08:06,150 1 INFO rehearse odoo.addons.pan_mail_pro.models.pan_mail_matcher: [Mail Matcher] unmatched — No rule reached the routing threshold (0 proposal(s)) 
2026-09-03 05:08:06,159 1 INFO rehearse odoo.addons.pan_mail_pro.models.pan_mail_fetcher: [Incoming Mail] Posted sent item to partner External Customer 
2026-09-03 05:08:06,182 1 INFO rehearse odoo.addons.pan_mail_pro.models.pan_mail_fetcher: [Incoming Mail] Successfully processed: <quiet-sync-001@example.com> -> res.partner/191 
2026-09-03 05:08:06,184 1 INFO rehearse odoo.addons.pan_mail_pro.models.pan_mail_fetcher: [Incoming Mail] Processed 1 message(s) from sales@company.test 
2026-09-03 05:08:06,186 1 INFO rehearse odoo.addons.pan_mail_pro.tests.test_sync_sends_nothing: Starting TestGraphSyncSendsNothing.test_the_fixture_actually_imports ... 
2026-09-03 05:08:06,190 1 INFO rehearse odoo.addons.pan_mail_pro.models.pan_mail_fetcher: [Incoming Mail] Processing mailbox: sales@company.test 
2026-09-03 05:08:06,191 1 INFO rehearse odoo.addons.pan_mail_pro.models.providers.microsoft.graph_client: [Graph API] Fetched 1 messages from sales@company.test/Inbox 
2026-09-03 05:08:06,203 1 INFO rehearse odoo.addons.pan_mail_pro.models.pan_mail_fetcher: [Incoming Mail] Processing message <quiet-sync-001@example.com> 
2026-09-03 05:08:06,207 1 INFO rehearse odoo.addons.pan_mail_pro.models.pan_mail_matcher: [Mail Matcher] unmatched — No rule reached the routing threshold (0 proposal(s)) 
2026-09-03 05:08:06,207 1 INFO rehearse odoo.addons.pan_mail_pro.models.pan_mail_fetcher: [Incoming Mail] Routing to contact chatter for mailbox sales@company.test 
2026-09-03 05:08:06,235 1 INFO rehearse odoo.addons.pan_mail_pro.models.pan_mail_fetcher: [Incoming Mail] Successfully processed: <quiet-sync-001@example.com> -> res.partner/191 
2026-09-03 05:08:06,238 1 INFO rehearse odoo.addons.pan_mail_pro.models.providers.microsoft.graph_client: [Graph API] Fetched 0 messages from sales@company.test/SentItems 
2026-09-03 05:08:06,238 1 INFO rehearse odoo.addons.pan_mail_pro.models.pan_mail_fetcher: [Incoming Mail] Processed 1 message(s) from sales@company.test 
2026-09-03 05:08:06,243 1 INFO rehearse odoo.addons.base.models.ir_attachment: filestore gc 4 checked, 4 removed 
2026-09-03 05:08:06,667 1 INFO rehearse odoo.addons.pan_mail_pro.models.encryption_utils: [Encryption] Generated a new encryption key. Credentials are stored encrypted in the database. 
2026-09-03 05:08:06,681 1 INFO rehearse odoo.addons.pan_mail_pro.models.pan_mail_mailbox: [Mail Pro] SMTP takeover active — all email routes through the provider API 
2026-09-03 05:08:06,721 1 INFO rehearse odoo.addons.pan_mail_pro.tests.test_sync_sends_nothing: Starting TestGmailSyncSendsNothing.test_gmail_sent_label_sends_nothing ... 
2026-09-03 05:08:06,799 1 INFO rehearse odoo.addons.pan_mail_pro.models.pan_mail_fetcher: [Incoming Mail] Processing mailbox: gmail_quiet@test.local 
2026-09-03 05:08:06,822 1 INFO rehearse odoo.addons.pan_mail_pro.models.pan_mail_fetcher: [Incoming Mail] Refused <quiet-sync-001@example.com> at _gate_internal_user: internal_user 
2026-09-03 05:08:06,823 1 INFO rehearse odoo.addons.pan_mail_pro.models.pan_mail_fetcher: [Incoming Mail] Processed 0 message(s) from gmail_quiet@test.local 
2026-09-03 05:08:06,825 1 INFO rehearse odoo.addons.pan_mail_pro.tests.test_sync_sends_nothing: Starting TestGmailSyncSendsNothing.test_gmail_sync_sends_nothing ... 
2026-09-03 05:08:06,941 1 INFO rehearse odoo.addons.pan_mail_pro.models.pan_mail_fetcher: [Incoming Mail] Processing mailbox: gmail_quiet@test.local 
2026-09-03 05:08:06,963 1 INFO rehearse odoo.addons.pan_mail_pro.models.pan_mail_fetcher: [Incoming Mail] Processing message <quiet-sync-001@example.com> 
2026-09-03 05:08:06,967 1 INFO rehearse odoo.addons.pan_mail_pro.models.pan_mail_matcher: [Mail Matcher] unmatched — No rule reached the routing threshold (0 proposal(s)) 
2026-09-03 05:08:06,967 1 INFO rehearse odoo.addons.pan_mail_pro.models.pan_mail_fetcher: [Incoming Mail] Routing to contact chatter for mailbox gmail_quiet@test.local 
2026-09-03 05:08:06,993 1 INFO rehearse odoo.addons.pan_mail_pro.models.pan_mail_fetcher: [Incoming Mail] Successfully processed: <quiet-sync-001@example.com> -> res.partner/198 
2026-09-03 05:08:06,996 1 INFO rehearse odoo.addons.pan_mail_pro.models.pan_mail_fetcher: [Incoming Mail] Processed 1 message(s) from gmail_quiet@test.local 
2026-09-03 05:08:07,002 1 INFO rehearse odoo.addons.base.models.ir_attachment: filestore gc 5 checked, 5 removed 
2026-09-03 05:08:07,454 1 INFO rehearse odoo.addons.pan_mail_pro.models.encryption_utils: [Encryption] Generated a new encryption key. Credentials are stored encrypted in the database. 
2026-09-03 05:08:07,469 1 INFO rehearse odoo.addons.pan_mail_pro.models.pan_mail_mailbox: [Mail Pro] SMTP takeover active — all email routes through the provider API 
2026-09-03 05:08:07,516 1 INFO rehearse odoo.addons.pan_mail_pro.tests.test_sync_sends_nothing: Starting TestImapSyncSendsNothing.test_imap_inbox_sends_nothing ... 
2026-09-03 05:08:07,535 1 INFO rehearse odoo.addons.pan_mail_pro.models.pan_mail_fetcher: [Incoming Mail] Processing message <quiet-sync-001@example.com> 
2026-09-03 05:08:07,540 1 INFO rehearse odoo.addons.pan_mail_pro.models.pan_mail_matcher: [Mail Matcher] unmatched — No rule reached the routing threshold (0 proposal(s)) 
2026-09-03 05:08:07,540 1 INFO rehearse odoo.addons.pan_mail_pro.models.pan_mail_fetcher: [Incoming Mail] Routing to contact chatter for mailbox imap_quiet@company.test 
2026-09-03 05:08:07,556 1 INFO rehearse odoo.addons.pan_mail_pro.models.pan_mail_fetcher: [Incoming Mail] Successfully processed: <quiet-sync-001@example.com> -> res.partner/207 
2026-09-03 05:08:07,559 1 INFO rehearse odoo.addons.pan_mail_pro.tests.test_sync_sends_nothing: Starting TestImapSyncSendsNothing.test_imap_sent_sends_nothing ... 
2026-09-03 05:08:07,572 1 INFO rehearse odoo.addons.pan_mail_pro.models.pan_mail_fetcher: [Incoming Mail] Processing message <quiet-sync-001@example.com> 
2026-09-03 05:08:07,608 1 INFO rehearse odoo.addons.pan_mail_pro.models.pan_mail_fetcher: [Incoming Mail] Created new partner id=209 
2026-09-03 05:08:07,612 1 INFO rehearse odoo.addons.pan_mail_pro.models.pan_mail_matcher: [Mail Matcher] unmatched — No rule reached the routing threshold (0 proposal(s)) 
2026-09-03 05:08:07,619 1 INFO rehearse odoo.addons.pan_mail_pro.models.pan_mail_fetcher: [Incoming Mail] Posted sent item to partner Shared 
2026-09-03 05:08:07,630 1 INFO rehearse odoo.addons.pan_mail_pro.models.pan_mail_fetcher: [Incoming Mail] Successfully processed: <quiet-sync-001@example.com> -> res.partner/209 
2026-09-03 05:08:07,637 1 INFO rehearse odoo.addons.base.models.ir_attachment: filestore gc 4 checked, 4 removed 
2026-09-03 05:08:08,081 1 INFO rehearse odoo.addons.pan_mail_pro.models.encryption_utils: [Encryption] Generated a new encryption key. Credentials are stored encrypted in the database. 
2026-09-03 05:08:08,097 1 INFO rehearse odoo.addons.pan_mail_pro.models.pan_mail_mailbox: [Mail Pro] SMTP takeover active — all email routes through the provider API 
2026-09-03 05:08:08,141 1 INFO rehearse odoo.addons.pan_mail_pro.tests.test_system_notifications: Starting TestSystemNotifications.test_activity_assignment_uses_notification_mailbox ... 
2026-09-03 05:08:08,239 1 INFO rehearse odoo.addons.pan_mail_pro.models.mail_mail: [Outgoing Mail] Email 119 IS internal user notification to Other User 
2026-09-03 05:08:08,241 1 INFO rehearse odoo.addons.pan_mail_pro.models.mail_mail: [Outgoing Mail] Processing email 119 
2026-09-03 05:08:08,242 1 INFO rehearse odoo.addons.pan_mail_pro.models.mail_mail: [Outgoing Mail] Email 119 IS internal user notification to Other User 
2026-09-03 05:08:08,245 1 INFO rehearse odoo.addons.pan_mail_pro.models.providers.microsoft.graph_client: [Graph API] Using delegated token for notif_owner@test.local to send from mailbox: notifications@company.test 
2026-09-03 05:08:08,246 1 INFO rehearse odoo.addons.pan_mail_pro.models.providers.microsoft.graph_client: [Graph API] Sending email from notifications@company.test to ['other@test.local'] cc [] 
2026-09-03 05:08:08,250 1 INFO rehearse odoo.addons.pan_mail_pro.models.providers.microsoft.graph_client: [Graph API] Created draft - Message-ID: <msg@test>, Conversation-ID: CONV_ID 
2026-09-03 05:08:08,251 1 INFO rehearse odoo.addons.pan_mail_pro.models.providers.microsoft.graph_client: [Graph API] Successfully sent email <msg@test> 
2026-09-03 05:08:08,265 1 INFO rehearse odoo.addons.pan_mail_pro.models.mail_mail: [Outgoing Mail] Mail 119 sent from notifications@company.test (message <msg@test>, thread CONV_ID) 
2026-09-03 05:08:08,272 1 INFO rehearse odoo.addons.pan_mail_pro.tests.test_system_notifications: Starting TestSystemNotifications.test_cancelling_a_mail_cancels_its_notifications ... 
2026-09-03 05:08:08,387 1 INFO rehearse odoo.addons.pan_mail_pro.models.mail_mail: [Outgoing Mail] Email 120 IS internal user notification to Also No Email 
2026-09-03 05:08:08,390 1 INFO rehearse odoo.addons.pan_mail_pro.models.mail_mail: [Outgoing Mail] Processing email 120 
2026-09-03 05:08:08,392 1 INFO rehearse odoo.addons.pan_mail_pro.models.mail_mail: [Outgoing Mail] Email 120 IS internal user notification to Also No Email 
2026-09-03 05:08:08,395 1 INFO rehearse odoo.addons.pan_mail_pro.models.providers.microsoft.graph_client: [Graph API] Using delegated token for notif_owner@test.local to send from mailbox: notifications@company.test 
2026-09-03 05:08:08,395 1 INFO rehearse odoo.addons.pan_mail_pro.models.mail_mail: [Outgoing Mail] Mail 120 has no deliverable recipient — cancelling 
2026-09-03 05:08:08,397 1 INFO rehearse odoo.addons.pan_mail_pro.tests.test_system_notifications: Starting TestSystemNotifications.test_follower_notification_routes_via_notification_mailbox ... 
2026-09-03 05:08:08,496 1 INFO rehearse odoo.addons.pan_mail_pro.models.mail_mail: [Outgoing Mail] Email 121 IS internal user notification to Other User 
2026-09-03 05:08:08,499 1 INFO rehearse odoo.addons.pan_mail_pro.models.mail_mail: [Outgoing Mail] Processing email 121 
2026-09-03 05:08:08,501 1 INFO rehearse odoo.addons.pan_mail_pro.models.mail_mail: [Outgoing Mail] Email 121 IS internal user notification to Other User 
2026-09-03 05:08:08,504 1 INFO rehearse odoo.addons.pan_mail_pro.models.providers.microsoft.graph_client: [Graph API] Using delegated token for notif_owner@test.local to send from mailbox: notifications@company.test 
2026-09-03 05:08:08,504 1 INFO rehearse odoo.addons.pan_mail_pro.models.providers.microsoft.graph_client: [Graph API] Sending email from notifications@company.test to ['other@test.local'] cc [] 
2026-09-03 05:08:08,505 1 INFO rehearse odoo.addons.pan_mail_pro.models.providers.microsoft.graph_client: [Graph API] Created draft - Message-ID: <msg@test>, Conversation-ID: CONV_ID 
2026-09-03 05:08:08,505 1 INFO rehearse odoo.addons.pan_mail_pro.models.providers.microsoft.graph_client: [Graph API] Successfully sent email <msg@test> 
2026-09-03 05:08:08,518 1 INFO rehearse odoo.addons.pan_mail_pro.models.mail_mail: [Outgoing Mail] Mail 121 sent from notifications@company.test (message <msg@test>, thread CONV_ID) 
2026-09-03 05:08:08,521 1 INFO rehearse odoo.addons.pan_mail_pro.tests.test_system_notifications: Starting TestSystemNotifications.test_mass_mailing_bypasses_graph ... 
2026-09-03 05:08:08,550 1 INFO rehearse odoo.addons.pan_mail_pro.models.mail_mail: [Outgoing Mail] Routing 1 mass mailing email(s) via standard SMTP 
2026-09-03 05:08:08,551 1 INFO rehearse odoo.addons.pan_mail_pro.tests.test_system_notifications: Starting TestSystemNotifications.test_recipientless_notification_does_not_abort_batch ... 
2026-09-03 05:08:08,672 1 INFO rehearse odoo.addons.pan_mail_pro.models.mail_mail: [Outgoing Mail] Email 124 IS internal user notification to No Email User 
2026-09-03 05:08:08,675 1 INFO rehearse odoo.addons.pan_mail_pro.models.mail_mail: [Outgoing Mail] Processing email 123 
2026-09-03 05:08:08,678 1 INFO rehearse odoo.addons.pan_mail_pro.models.mail_mail: [Outgoing Mail] Sending from info@company.test (credentials: sales@test.local) 
2026-09-03 05:08:08,679 1 INFO rehearse odoo.addons.pan_mail_pro.models.providers.microsoft.graph_client: [Graph API] Using delegated token for sales@test.local to send from mailbox: info@company.test 
2026-09-03 05:08:08,680 1 INFO rehearse odoo.addons.pan_mail_pro.models.providers.microsoft.graph_client: [Graph API] Sending email from info@company.test to ['customer@example.com'] cc [] 
2026-09-03 05:08:08,681 1 INFO rehearse odoo.addons.pan_mail_pro.models.providers.microsoft.graph_client: [Graph API] Created draft - Message-ID: <msg@test>, Conversation-ID: CONV_ID 
2026-09-03 05:08:08,682 1 INFO rehearse odoo.addons.pan_mail_pro.models.providers.microsoft.graph_client: [Graph API] Successfully sent email <msg@test> 
2026-09-03 05:08:08,701 1 INFO rehearse odoo.addons.pan_mail_pro.models.mail_mail: [Outgoing Mail] Mail 123 sent from info@company.test (message <msg@test>, thread CONV_ID) 
2026-09-03 05:08:08,701 1 INFO rehearse odoo.addons.pan_mail_pro.models.mail_mail: [Outgoing Mail] Processing email 124 
2026-09-03 05:08:08,701 1 INFO rehearse odoo.addons.pan_mail_pro.models.mail_mail: [Outgoing Mail] Email 124 IS internal user notification to No Email User 
2026-09-03 05:08:08,703 1 INFO rehearse odoo.addons.pan_mail_pro.models.providers.microsoft.graph_client: [Graph API] Using delegated token for notif_owner@test.local to send from mailbox: notifications@company.test 
2026-09-03 05:08:08,703 1 INFO rehearse odoo.addons.pan_mail_pro.models.mail_mail: [Outgoing Mail] Mail 124 has no deliverable recipient — cancelling 
2026-09-03 05:08:08,708 1 INFO rehearse odoo.addons.base.models.ir_attachment: filestore gc 6 checked, 6 removed 
2026-09-03 05:08:08,709 1 INFO rehearse odoo.service.server: 442 post-tests in 31.61s, 29416 queries 
2026-09-03 05:08:08,710 1 INFO rehearse odoo.tests.stats: pan_mail_pro: 562 tests 31.53s 29416 queries 
2026-09-03 05:08:08,710 1 INFO rehearse odoo.tests.result: 0 failed, 0 error(s) of 442 tests when loading database 'rehearse' 
2026-09-03 05:08:08,710 1 INFO rehearse odoo.service.server: Initiating shutdown 
2026-09-03 05:08:08,710 1 INFO rehearse odoo.service.server: Hit CTRL-C again or send a second signal to force the shutdown. 
2026-09-03 05:08:08,878 1 INFO rehearse odoo.sql_db: ConnectionPool(read/write;used=0/count=0/max=64): Closed 1 connections  
